Track URI,Track Name,Album Name,Artist Name(s),Release Date,Duration (ms),Popularity,Explicit,Added By,Added At,Genres,Record Label,Danceability,Energy,Key,Loudness,Mode,Speechiness,Acousticness,Instrumentalness,Liveness,Valence,Tempo,Time Signature
spotify:track:72wqLtMtkrB0qUw6jSqM0Z,"Dynamite","Dynamite (NightTime Version)","BTS",2020-09-18,199053,67,false,,2025-09-15T13:00:30Z,"кей-поп","BIGHIT MUSIC",0.746,0.765,6,-4.41,0,0.0993,0.0112,0,0.0936,0.737,114.044,4
spotify:track:5IAESfJjmOYu7cHyX557kz,"Take Two","Take Two","BTS",2023-06-09,229953,72,false,,2025-09-15T13:00:30Z,"кей-поп","BIGHIT MUSIC",0.617,0.589,7,-5.978,1,0.0345,0.0268,0,0.378,0.566,92.991,4
spotify:track:4IJsVXbSeGPUrgwpVoHmlg,"The Planet","The Planet","BTS",2023-05-12,178156,63,false,,2025-09-15T13:00:30Z,"кей-поп","BIGHIT MUSIC",0.665,0.848,0,-3.619,1,0.0708,0.000482,0,0.2,0.687,119.986,4
spotify:track:69xohKu8C1fsflYAiSNbwM,"Run BTS","Proof","BTS",2022-06-10,204939,79,false,,2025-09-15T13:00:30Z,"кей-поп","BIGHIT MUSIC",0.724,0.818,8,-3.747,1,0.168,0.0201,0,0.0358,0.696,77.004,4
spotify:track:7lrqvdivAYRGEiO8JFP31G,"Boy With Luv (Feat. Halsey)","MAP OF THE SOUL : 7","BTS;Halsey",2020-02-21,229773,67,false,,2025-09-15T13:00:30Z,"кей-поп","BIGHIT MUSIC",0.645,0.862,11,-4.761,0,0.0845,0.0933,0,0.193,0.803,119.947,4
spotify:track:2ngmiq1KoYn3x25VOmvd8F,"DNA","Love Yourself 結 'Answer'","BTS",2018-08-24,223122,72,false,,2025-09-15T13:00:30Z,"кей-поп","BIGHIT MUSIC",0.599,0.775,1,-3.997,0,0.0542,0.022,0,0.0669,0.703,129.817,4
spotify:track:6m1TWFMeon7ai9XLOzdbiR,"FAKE LOVE","Love Yourself 轉 'Tear'","BTS",2018-05-18,242333,78,false,,2025-09-15T13:00:30Z,"кей-поп","BIGHIT MUSIC",0.557,0.719,2,-4.515,0,0.0371,0.00267,0,0.306,0.345,77.502,4
spotify:track:10SRMwb9EuVS1K9rYsBfHQ,"Yet To Come","Proof","BTS",2022-06-10,193593,77,false,,2025-09-15T13:00:30Z,"кей-поп","BIGHIT MUSIC",0.559,0.885,1,-4.515,1,0.189,0.0432,0,0.333,0.683,172.029,4
spotify:track:6jjYDGxVJsWS0a5wlVF5vS,"Butter","Proof","BTS",2022-06-10,164952,76,false,,2025-09-15T13:00:30Z,"кей-поп","BIGHIT MUSIC",0.759,0.459,8,-5.187,1,0.0948,0.00323,0,0.0788,0.695,109.997,4
spotify:track:3XYRV7ZSHqIRDG87DKTtry,"Permission to Dance","Permission to Dance","BTS",2021-07-23,187585,75,false,,2025-09-15T13:00:30Z,"кей-поп","BIGHIT MUSIC",0.702,0.741,9,-5.33,1,0.0427,0.00544,0,0.337,0.646,124.925,4
spotify:track:1e8J3XClxZbFmvIHLI8CE4,"IDOL","Love Yourself 結 'Answer'","BTS",2018-08-24,222732,76,false,,2025-09-15T13:00:30Z,"кей-поп","BIGHIT MUSIC",0.733,0.855,9,-3.211,1,0.118,0.00481,0,0.123,0.42,126.035,4
spotify:track:2u54HNQamwFuOMLSuhSRom,"Blood Sweat & Tears","Wings","BTS",2016-10-10,217051,77,false,,2025-09-15T13:00:30Z,"кей-поп","BIGHIT MUSIC",0.584,0.885,0,-3.571,0,0.104,0.0244,0,0.357,0.605,92.9,4
spotify:track:5FVbvttjEvQ8r2BgUcJgNg,"Life Goes On","BE","BTS",2020-11-20,207481,85,false,,2025-09-15T13:00:30Z,"кей-поп","BIGHIT MUSIC",0.566,0.716,1,-5.733,1,0.0424,0.00691,0,0.37,0.45,81.068,4
spotify:track:30YLyzfEjMQsXj4ZFslAmT,"Make It Right","MAP OF THE SOUL : 7","BTS",2020-02-21,226321,65,false,,2025-09-15T13:00:30Z,"кей-поп","BIGHIT MUSIC",0.639,0.706,7,-7.874,1,0.448,0.0104,0,0.132,0.259,105.782,4
spotify:track:2j1fFjWHCI9KJSwcuYAOyF,"Spring Day","You Never Walk Alone","BTS",2017-02-13,274097,76,false,,2025-09-15T13:00:30Z,"кей-поп","BIGHIT MUSIC",0.539,0.846,8,-3.192,1,0.0354,0.00631,0.00000171,0.13,0.462,106.994,4
spotify:track:3G1aAxWS2Nd17FQs4PWV6X,"Run","The Most Beautiful Moment in Life Pt.2","BTS",2015-11-30,236748,73,false,,2025-09-15T13:00:30Z,"кей-поп","BIGHIT MUSIC",0.554,0.878,11,-3.02,0,0.0513,0.00146,0,0.0998,0.55,132.896,4
spotify:track:3wQnyXNFXNUEOBt1pb4urq,"I Need U","The Most Beautiful Moment in Life Pt.1","BTS",2015-04-29,210986,75,false,,2025-09-15T13:00:30Z,"кей-поп","BIGHIT MUSIC",0.478,0.88,5,-3.097,0,0.0739,0.0213,0,0.24,0.707,158.356,4
spotify:track:4o3Ao6wY5fbJR32fQKabfQ,"Dope","The Most Beautiful Moment in Life: Young Forever","BTS",2016-05-02,240020,65,false,,2025-09-15T13:00:30Z,"кей-поп","BIGHIT MUSIC",0.579,0.896,10,-2.781,0,0.225,0.0272,0.00000102,0.352,0.678,153.991,4
spotify:track:3wyrhwPpV8uhMMEms4vG3X,"Not Today","You Never Walk Alone","BTS",2017-02-13,231859,71,false,,2025-09-15T13:00:30Z,"кей-поп","BIGHIT MUSIC",0.593,0.945,8,-3.408,1,0.126,0.00174,0,0.923,0.674,110.023,4
spotify:track:7btzRuXC6Ed3rIyomBRkO2,"My Universe","My Universe","Coldplay;BTS",2021-09-27,226198,60,false,,2025-09-15T13:00:30Z,"кей-поп","Parlophone UK",0.573,0.711,1,-6.268,0,0.0406,0.0114,0,0.328,0.47,105.006,4
spotify:track:5PCOOngROV9jWsUViSy4Ed,"Killin' It Girl (feat. GloRilla)","Killin' It Girl (feat. GloRilla)","j-hope;GloRilla",2025-06-13,148714,83,true,,2025-09-15T13:00:30Z,"кей-поп,k-rap","BIGHIT MUSIC",0.771,0.923,4,-4.88,1,0.0578,0.00268,0.0000447,0.269,0.708,97.024,4
spotify:track:27xkOIER6uDLKALIelHylZ,"Don’t Say You Love Me","Echo","Jin",2025-05-16,180716,86,false,,2025-09-15T13:00:30Z,"кей-поп","BIGHIT MUSIC",0.729,0.562,8,-5.49,1,0.0304,0.484,0,0.105,0.757,111.976,4
spotify:track:1yX9gy5fK02j6nBnGJ1S3k,"Sweet Dreams (feat. Miguel)","Sweet Dreams (feat. Miguel)","j-hope;Miguel",2025-03-07,172952,73,false,,2025-09-15T13:00:30Z,"кей-поп,k-rap,ритм-н-блюз","BIGHIT MUSIC",0.564,0.577,4,-6.468,0,0.0774,0.153,0,0.0726,0.797,94.3,4
spotify:track:4z0vfU3JiAsl99ZHL29hMm,"Close to You","When the Stars Gossip OST Part.3","Jin",2025-01-26,228146,64,false,,2025-09-15T13:00:30Z,"кей-поп","SORI NARLY, Studio Dragon, KEYEAST",0.355,0.404,5,-5.795,1,0.0354,0.779,0.0000219,0.101,0.207,126.573,4
spotify:track:7134tEHq45eL6am9oVazZU,"White Christmas (with V of BTS)","White Christmas (with V of BTS)","V;Bing Crosby",2024-12-06,173033,70,false,,2025-09-15T13:00:30Z,"кей-поп,різдво","White Christmas",0.227,0.332,9,-9.602,1,0.0311,0.787,0.0837,0.198,0.158,97.475,4
spotify:track:7G7mSV4BebkoHWwKTDvXu9,"Winter Ahead (with PARK HYO SHIN)","Winter Ahead (with PARK HYO SHIN)","V;Park Hyo Shin",2024-11-29,234895,83,false,,2025-09-15T13:00:30Z,"кей-поп,корейські балади","BIGHIT MUSIC",0.36,0.316,3,-9.954,1,0.0284,0.858,0.000212,0.23,0.229,76.844,3
spotify:track:4p7DTkyrKqT98xlIwYYfXz,"Running Wild","Happy","Jin",2024-11-15,151646,69,false,,2025-09-15T13:00:30Z,"кей-поп","BIGHIT MUSIC",0.487,0.711,8,-4.22,1,0.0322,0.000175,0,0.152,0.317,146.921,4
spotify:track:2Qcbspnftnon37jibwyvMU,"I'll Be There","I'll Be There","Jin",2024-10-25,181677,64,false,,2025-09-15T13:00:30Z,"кей-поп","BIGHIT MUSIC",0.538,0.738,10,-2.412,1,0.0445,0.0351,0,0.0898,0.736,148.887,4
spotify:track:4pygz13A6EcLL6ti7kqGaf,"Super Tuna","Super Tuna","Jin",2024-10-11,114693,69,false,,2025-09-15T13:00:30Z,"кей-поп","BIGHIT MUSIC",0.641,0.964,8,-4.041,0,0.149,0.0063,0,0.0447,0.601,165.005,4
spotify:track:2ZqTbIID9vFPTXaGyzbb4q,"Neva Play (feat. RM of BTS)","Neva Play (feat. RM of BTS)","Megan Thee Stallion;RM",2024-09-06,157173,68,true,,2025-09-15T13:00:30Z,"кей-поп,k-rap","Hot Girl Productions",0.826,0.756,2,-4.984,1,0.256,0.0203,0,0.0915,0.794,160.01,4
spotify:track:7tI8dRuH2Yc6RuoTjxo4dU,"Who","MUSE","Jimin",2024-07-19,170887,87,false,,2025-09-15T13:00:30Z,"кей-поп","BIGHIT MUSIC",0.66,0.756,0,-3.743,0,0.032,0.00289,0,0.193,0.838,116.034,4
spotify:track:1kPhV0KQui1phEpjnWIqUN,"Smeraldo Garden Marching Band (feat. Loco)","Smeraldo Garden Marching Band (feat. Loco)","Jimin;Loco",2024-06-28,182840,63,false,,2025-09-15T13:00:30Z,"кей-поп,k-rap","BIGHIT MUSIC",0.79,0.915,4,-2.251,1,0.146,0.0366,0,0.0785,0.726,97.47,4
spotify:track:2nRMW95dnOILirpjbksLTs,"Never Let Go","Never Let Go","Jung Kook",2024-06-07,166812,70,false,,2025-09-15T13:00:30Z,"кей-поп","BIGHIT MUSIC",0.664,0.773,9,-4.32,1,0.0688,0.048,0.0000149,0.238,0.173,129.884,4
spotify:track:02H58MSfVESkKyx4diDgu7,"LOST!","Right Place, Wrong Person","RM",2024-05-24,233013,69,true,,2025-09-15T13:00:30Z,"кей-поп,k-rap","BIGHIT MUSIC",0.771,0.68,6,-5.63,1,0.0557,0.216,0.0000388,0.287,0.336,88.011,4
spotify:track:62HKW77nt6tudsIHXT2A0M,"Come back to me","Right Place, Wrong Person","RM",2024-05-24,388960,65,false,,2025-09-15T13:00:30Z,"кей-поп,k-rap","BIGHIT MUSIC",0.623,0.462,4,-7.82,0,0.0326,0.397,0.0115,0.0492,0.344,73.007,4
spotify:track:11sirgYaEutV40tkvgpHN6,"NEURON (with Gaeko & YOON MIRAE)","HOPE ON THE STREET VOL.1","j-hope;Gaeko;YOON MIRAE",2024-03-29,273290,66,false,,2025-09-15T13:00:30Z,"кей-поп,k-rap,корейські балади,саундтреки","BIGHIT MUSIC",0.669,0.9,7,-4.207,1,0.253,0.0812,0,0.227,0.699,93.902,4
spotify:track:3ajU531gR5fW71wqsw4tFX,"i wonder... (with Jung Kook of BTS)","HOPE ON THE STREET VOL.1","j-hope;Jung Kook",2024-03-29,163598,71,false,,2025-09-15T13:00:30Z,"кей-поп,k-rap","BIGHIT MUSIC",0.79,0.692,7,-5.302,1,0.0893,0.147,0.00000104,0.101,0.549,100.033,4
spotify:track:0PBTlQ84CBJF0tBnKGmQa6,"FRI(END)S","FRI(END)S","V",2024-03-15,148082,77,false,,2025-09-15T13:00:30Z,"кей-поп","BIGHIT MUSIC",0.466,0.601,8,-4.468,1,0.053,0.0315,0,0.0927,0.627,53.376,4
spotify:track:1k255f17DRuRbGrfz5Ifmd,"wherever u r (ft. V of BTS)","wherever u r (ft. V of BTS)","UMI;V",2023-12-30,153034,66,false,,2025-09-15T13:00:30Z,"кей-поп","UMI Inc under exclusive license to Unitedmasters LLC",0.642,0.434,8,-9.178,1,0.0558,0.78,0.00000301,0.109,0.484,104.846,3
spotify:track:3k6q0O9JnO2GhvD6C8fs20,"Closer Than This","Closer Than This","Jimin",2023-12-22,223302,64,false,,2025-09-15T13:00:30Z,"кей-поп","BIGHIT MUSIC",0.716,0.54,0,-5.951,1,0.0381,0.389,0,0.0692,0.373,87.963,4
spotify:track:0VPFT123HKoQ2J6ipeDcI1,"Standing Next to You (USHER Remix)","Standing Next to You (USHER Remix)","Jung Kook;USHER",2023-12-01,214760,66,false,,2025-09-15T13:00:30Z,"кей-поп,ритм-н-блюз","BIGHIT MUSIC",0.661,0.823,9,-4.329,0,0.127,0.0536,0,0.369,0.761,105.993,4
spotify:track:2mHw0KoEyDw8Yaw3yPoke6,"3D (Justin Timberlake Remix)","3D (Justin Timberlake Remix)","Jung Kook;Justin Timberlake",2023-11-24,160942,63,false,,2025-09-15T13:00:30Z,"кей-поп","BIGHIT MUSIC",0.817,0.854,1,-3.28,1,0.0613,0.0429,0,0.117,0.884,108.991,4
spotify:track:2KslE17cAJNHTsI2MI0jb2,"Standing Next to You","GOLDEN","Jung Kook",2023-11-03,206019,83,false,,2025-09-15T13:00:30Z,"кей-поп","BIGHIT MUSIC",0.711,0.809,2,-4.389,0,0.0955,0.0447,0,0.339,0.816,106.017,4
spotify:track:6ehWdR7cGDXnT7aKEASJxE,"3D (feat. Jack Harlow)","3D (feat. Jack Harlow)","Jung Kook;Jack Harlow",2023-09-29,201812,74,true,,2025-09-15T13:00:30Z,"кей-поп","BIGHIT MUSIC",0.853,0.824,1,-3.287,1,0.103,0.0322,0,0.0859,0.888,108.044,4
spotify:track:5h1BN75CEh8wdSwE1xrbSe,"Slow Dancing","Layover","V",2023-09-08,187026,75,false,,2025-09-15T13:00:30Z,"кей-поп","BIGHIT MUSIC",0.579,0.63,8,-7.758,1,0.058,0.257,0.00462,0.0986,0.552,155.96,4
spotify:track:2N0SPREDYqILVEFSsWF5N5,"Love Me Again","Layover","V",2023-08-11,182293,74,false,,2025-09-15T13:00:30Z,"кей-поп","BIGHIT MUSIC",0.633,0.607,0,-6.182,0,0.0532,0.183,0.00000138,0.167,0.363,74.029,4
spotify:track:5ydjxBSUIDn26MFzU3asP4,"Rainy Days","Layover","V",2023-08-11,179560,69,false,,2025-09-15T13:00:30Z,"кей-поп","BIGHIT MUSIC",0.633,0.454,9,-8.016,0,0.0875,0.739,0,0.148,0.282,74.828,4
spotify:track:50Af7YTMHGNbYyvgofTAGf,"Seven (feat. Latto)","Seven (Weekday Ver.)","Jung Kook;Latto",2023-07-17,184160,70,false,,2025-09-15T13:00:30Z,"кей-поп","BIGHIT MUSIC",0.782,0.839,11,-3.933,1,0.0436,0.318,0,0.0667,0.914,124.994,4
spotify:track:0pNFrM5L0te1EXGxveeYiR,"My You","My You","Jung Kook",2022-06-13,165070,71,false,,2025-09-15T13:00:30Z,"кей-поп","BIGHIT MUSIC",0.451,0.691,9,-5.395,1,0.0374,0.421,0,0.338,0.354,143.997,4
spotify:track:0ApadYqa3GRQkJJ3E7pQDJ,"Angel Pt. 2 (feat. Jimin of BTS, Charlie Puth and Muni Long / FAST X Soundtrack)","Angel Pt. 2 (feat. Jimin of BTS, Charlie Puth and Muni Long / FAST X Soundtrack)","JVKE;Jimin;Charlie Puth;Muni Long;Fast & Furious: The Fast Saga",2023-06-15,176454,63,false,,2025-09-15T13:00:30Z,"кей-поп,м’який поп,поп,фонк,дрифт-фонк","APG Inc – FF10",0.57,0.635,1,-6.641,1,0.121,0.186,0,0.0874,0.364,84.856,4
spotify:track:2FZP8qfmy9RFXVREVHMAua,"Lilith (feat. SUGA of BTS) (Diablo IV Anthem)","Lilith (feat. SUGA of BTS) (Diablo IV Anthem)","Halsey;SUGA",2023-06-05,180925,52,false,,2025-09-15T13:00:30Z,"кей-поп","Capitol Records",0.306,0.722,9,-8.296,0,0.117,0.00753,0.00000912,0.215,0.145,167.924,4
spotify:track:1vvcEHQdaUTvWt0EIUYcFK,"Angel Pt. 1 (feat. Jimin of BTS, JVKE & Muni Long)","Angel Pt. 1 (feat. Jimin of BTS, JVKE & Muni Long) [Trailer Version]","Kodak Black;NLE Choppa;Jimin;JVKE;Muni Long;Fast & Furious: The Fast Saga",2023-05-17,175802,61,false,,2025-09-15T13:00:30Z,"кей-поп,фонк,дрифт-фонк","APG Inc – FF10",0.715,0.681,10,-4.25,0,0.113,0.129,0,0.152,0.277,84.924,4
spotify:track:4UMKAWKI1ljNHNxkmAAch0,"Don't ever say love me (feat. RM of BTS)","Love Part 2","Colde;RM",2023-05-04,214933,57,false,,2025-09-15T13:00:30Z,"кей-поп,k-rap","WAVY",0.539,0.454,11,-7.096,0,0.0504,0.349,0.00000236,0.374,0.211,144.867,4
spotify:track:4bjN59DRXFRxBE1g5ne6B1,"Haegeum","D-DAY","Agust D",2023-04-21,168926,88,false,,2025-09-15T13:00:30Z,"кей-поп,k-rap","BIGHIT MUSIC",0.697,0.837,7,-2.651,1,0.304,0.313,0,0.471,0.831,85.097,5
spotify:track:4EaQ0ouIydfeAgQUz284EF,"People Pt.2 (feat. IU)","People Pt.2 (feat. IU)","Agust D;IU",2023-04-07,213995,60,false,,2025-09-15T13:00:30Z,"кей-поп,k-rap,корейські балади","BIGHIT MUSIC",0.729,0.574,7,-4.779,0,0.0589,0.391,0,0.319,0.438,88.94,4
spotify:track:3Ua0m0YmEjrMi9XErKcNiR,"Like Crazy","FACE","Jimin",2023-03-24,212241,75,false,,2025-09-15T13:00:30Z,"кей-поп","BIGHIT MUSIC",0.629,0.733,7,-5.445,1,0.0419,0.0025,0,0.357,0.362,120.001,4
spotify:track:1fpj1CJPxY3YvN3AMAEYvt,"Set Me Free Pt.2","FACE","Jimin",2023-03-24,200929,65,true,,2025-09-15T13:00:30Z,"кей-поп","BIGHIT MUSIC",0.585,0.815,0,-4.165,0,0.0565,0.115,0,0.124,0.564,132.09,4
spotify:track:5wxYxygyHpbgv0EXZuqb9V,"on the street (with J. Cole)","on the street (with J. Cole)","j-hope;J. Cole",2023-03-03,214701,63,true,,2025-09-15T13:00:30Z,"кей-поп,k-rap,реп","BIGHIT MUSIC",0.681,0.821,11,-5.12,0,0.131,0.532,0.00111,0.0921,0.813,94.074,4
spotify:track:2uq5eMJ0mXZzjGRuFpSRZ7,"Smoke Sprite (feat. RM)","Episode1 : Love","So!YoON!;RM",2023-03-14,242200,62,false,,2025-09-15T13:00:30Z,"k-rock,кей-поп,k-rap","MAGIC STRAWBERRY SOUND",0.608,0.692,9,-3.182,0,0.0441,0.151,0,0.173,0.569,131.973,4
spotify:track:4NIe9Is7bN5JWyTeCW2ahK,"VIBE (feat. Jimin of BTS)","Down to Earth","TAEYANG;Jimin",2023-04-25,175775,60,false,,2025-09-15T13:00:30Z,"кей-поп","THEBLACKLABEL/Interscope Records",0.788,0.671,0,-5.537,1,0.0434,0.0713,0,0.262,0.611,100.096,4
spotify:track:0jY618wuln0b5b8sCxFgjk,"Dreamers [Music from the FIFA World Cup Qatar 2022 Official Soundtrack]","Dreamers [Music from the FIFA World Cup Qatar 2022 Official Soundtrack]","Jung Kook;BTS;FIFA Sound",2022-11-20,201391,73,false,,2025-09-15T13:00:30Z,"кей-поп","Katara Studios | 2101 Records under exclusive license to UnitedMasters LLC",0.709,0.879,0,-4.218,1,0.042,0.158,0.00158,0.441,0.34,114.99,4
spotify:track:3p4N6mBFv42M8dI8SUoPre,"Still Life (with Anderson .Paak)","Indigo","RM;Anderson .Paak",2022-12-02,175328,66,false,,2025-09-15T13:00:30Z,"кей-поп,k-rap","BIGHIT MUSIC",0.831,0.721,11,-5.447,0,0.164,0.277,0,0.0403,0.443,124.007,4
spotify:track:1AZjCZSGEjlxUufFQwSszF,"Wild Flower (with youjeen)","Indigo","RM;Youjeen",2022-12-02,273499,83,false,,2025-09-15T13:00:30Z,"кей-поп,k-rap,k-rock","BIGHIT MUSIC",0.486,0.766,8,-5.821,1,0.0938,0.0282,0,0.123,0.417,154.992,4
spotify:track:0h7QMc9ZRzA9QJrbEHytn2,"The Astronaut","The Astronaut","Jin",2022-10-28,282463,70,false,,2025-09-15T13:00:30Z,"кей-поп","BIGHIT MUSIC",0.54,0.761,5,-5.356,1,0.0311,0.00446,0.0000025,0.137,0.215,124.988,4
spotify:track:4JzCFEc3O2UEdjKzevvFH5,"For Youth","Proof","BTS",2022-06-10,264480,69,false,,2025-09-15T13:00:30Z,"кей-поп","BIGHIT MUSIC",0.633,0.511,2,-5.665,1,0.0368,0.434,0,0.248,0.29,116.855,3
spotify:track:0mBP9X2gPCuapvpZ7TGDk3,"Left and Right (Feat. Jung Kook of BTS)","Left and Right (Feat. Jung Kook of BTS)","Charlie Puth;Jung Kook;BTS",2022-06-24,154486,68,false,,2025-09-15T13:00:30Z,"м’який поп,поп,кей-поп","Atlantic Records",0.881,0.592,2,-4.898,1,0.0324,0.619,0.0000132,0.0901,0.719,101.058,4
spotify:track:0xzI1KAr0Yd9tv8jlIk3sn,"Bad Decisions (with BTS & Snoop Dogg)","Bad Decisions (with BTS & Snoop Dogg)","benny blanco;BTS;Snoop Dogg",2022-08-05,172714,66,false,,2025-09-15T13:00:30Z,"кей-поп,джі-фанк,хіп-хоп західного узбережжя,ґанґста-реп,хіп-хоп старої школи,хіп-хоп,реп","Friends Keep Secrets/Interscope Records",0.762,0.861,0,-3.296,1,0.0955,0.0185,0,0.264,0.955,120.048,4
spotify:track:5aucVLKiumD89mxVCB4zvS,"Rush Hour (Feat. j-hope of BTS)","Rush Hour","Crush;j-hope",2022-09-22,177302,58,false,,2025-09-15T13:00:30Z,"k-rap,кей-поп,корейські балади","피네이션",0.746,0.714,0,-5.231,1,0.243,0.16,0,0.31,0.697,95.049,4
spotify:track:1IthE5GNiRzFN5CVaCa445,"Born Singer","Proof","BTS",2022-06-10,238628,64,false,,2025-09-15T13:00:30Z,"кей-поп","BIGHIT MUSIC",0.602,0.841,8,-3.334,0,0.109,0.0354,0,0.235,0.684,157.937,4
spotify:track:2QWEMqQMJR1KDf6hDjJOs6,"Arson","Jack In The Box","j-hope",2022-07-15,159761,67,true,,2025-09-15T13:00:30Z,"кей-поп,k-rap","BIGHIT MUSIC",0.938,0.798,1,-3.998,1,0.103,0.00813,0.0000703,0.146,0.265,99.992,4
spotify:track:1XkMxUilV0E3ChDERZJUEq,"SEXY NUKIM (feat. RM of BTS)","SEXY NUKIM (feat. RM of BTS)","Balming Tiger;Omega Sapien;bj wnjn;Mudd the student;RM",2022-09-01,229937,56,false,,2025-09-15T13:00:30Z,"k-rap,кей-поп","Balming Tiger",0.747,0.71,1,-5.729,1,0.116,0.00219,0.214,0.371,0.426,93.995,4
spotify:track:4XKXphKH76W4zNpkgFS5o2,"MORE","MORE","j-hope",2022-07-01,180022,59,false,,2025-09-15T13:00:30Z,"кей-поп,k-rap","BIGHIT MUSIC",0.783,0.722,2,-4.864,1,0.0357,0.00537,0.00209,0.105,0.306,97.031,4
spotify:track:1rLkzFZdokhx6Wcs80uvnw,"Dimple","Love Yourself 結 'Answer'","BTS",2018-08-24,196776,65,false,,2025-09-15T13:00:30Z,"кей-поп","BIGHIT MUSIC",0.612,0.844,5,-4.694,0,0.0757,0.14,0,0.289,0.652,134.872,4
spotify:track:4kZoZfj7IBg8eo1JZ2vsGO,"Go Go","Love Yourself 結 'Answer'","BTS",2018-08-24,235779,61,false,,2025-09-15T13:00:30Z,"кей-поп","BIGHIT MUSIC",0.856,0.617,10,-5.308,0,0.084,0.171,0,0.0857,0.759,136.081,4
spotify:track:5LvqzuJCNpi2pNkJAX8mBT,"Dionysus","MAP OF THE SOUL : 7","BTS",2020-02-21,249215,60,false,,2025-09-15T13:00:30Z,"кей-поп","BIGHIT MUSIC",0.502,0.91,7,-2.769,1,0.107,0.04,0,0.319,0.588,176.084,4
spotify:track:7bxGcILuAjkZzaveU28ZJS,"Save Me","The Most Beautiful Moment in Life: Young Forever","BTS",2016-05-02,196505,72,false,,2025-09-15T13:00:30Z,"кей-поп","BIGHIT MUSIC",0.613,0.822,1,-3.48,1,0.062,0.0269,0,0.0783,0.54,139.936,4
spotify:track:0PpNBEXkjalflGCMMsBV5B,"Jamais Vu","MAP OF THE SOUL : 7","BTS",2020-02-21,227275,61,false,,2025-09-15T13:00:30Z,"кей-поп","BIGHIT MUSIC",0.608,0.47,8,-6.73,1,0.0428,0.226,0,0.0963,0.241,81,4
spotify:track:0aE3V0zgSD2YwkEHW42gxG,"Burning Up (Fire)","The Most Beautiful Moment in Life: Young Forever","BTS",2016-05-02,203351,72,false,,2025-09-15T13:00:30Z,"кей-поп","BIGHIT MUSIC",0.626,0.706,10,-3.201,0,0.0596,0.00225,0,0.122,0.534,99.939,4
spotify:track:7incJHhOl108CJBxylqc1z,"Intro : Persona","MAP OF THE SOUL : 7","BTS",2020-02-21,171023,59,false,,2025-09-15T13:00:30Z,"кей-поп","BIGHIT MUSIC",0.486,0.871,9,-4.475,0,0.337,0.0278,0,0.313,0.659,85.411,4
spotify:track:2gzhQaCTeNgxpeB2TPllyY,"With you","Our Blues, Pt. 4 (Original Television Soundtrack)","Jimin;HA SUNG WOON",2022-04-24,201905,66,false,,2025-09-15T13:00:30Z,"кей-поп","Genie Music Corporation, Stone Music Entertainment",0.532,0.426,3,-6.117,1,0.0288,0.639,0,0.134,0.137,149.898,3
spotify:track:5YMXGBD6vcYP7IolemyLtK,"Euphoria","Love Yourself 結 'Answer'","BTS",2018-08-24,228615,74,false,,2025-09-15T13:00:30Z,"кей-поп","BIGHIT MUSIC",0.637,0.799,2,-4.518,1,0.0338,0.394,0,0.0921,0.57,104.996,4
spotify:track:60nwvOMLA1uzLHz3CLp4Na,"Airplane pt.2","Love Yourself 結 'Answer'","BTS",2018-08-24,218614,64,false,,2025-09-15T13:00:30Z,"кей-поп","BIGHIT MUSIC",0.77,0.817,0,-4.092,0,0.0339,0.0265,0.000103,0.084,0.866,139.979,4
spotify:track:453W8V5Ynwn6Tr28KuOwsO,"Anpanman","Love Yourself 結 'Answer'","BTS",2018-08-24,232966,65,false,,2025-09-15T13:00:30Z,"кей-поп","BIGHIT MUSIC",0.813,0.876,1,-2.92,0,0.0922,0.024,0,0.287,0.757,98.989,4
spotify:track:37nOpaUof3d4Xsmr6moAiI,"Magic Shop","Love Yourself 結 'Answer'","BTS",2018-08-24,275695,64,false,,2025-09-15T13:00:30Z,"кей-поп","BIGHIT MUSIC",0.531,0.661,1,-5.836,1,0.0907,0.103,0,0.0779,0.278,149.934,4
spotify:track:0nUftNWYvNCWnjiyeujCR8,"MIC Drop","Love Yourself 結 'Answer'","BTS",2018-08-24,238193,61,false,,2025-09-15T13:00:30Z,"кей-поп","BIGHIT MUSIC",0.667,0.889,6,-4.851,1,0.0917,0.00912,0,0.0816,0.541,169.961,4
spotify:track:186NCtNk1tUYS7c2DxgJ7O,"Christmas Tree","Our Beloved Summer (Original Television Soundtrack), Pt. 5","V",2021-12-24,209946,73,false,,2025-09-15T13:00:30Z,"кей-поп","MOST CONTENTS",0.437,0.384,5,-8.384,1,0.042,0.699,0.0000233,0.121,0.181,139.009,4
spotify:track:66sBTYlkaiyBwf4fhbIHlZ,"Yours","Jirisan (Original Television Soundtrack) Pt. 4","Jin",2021-11-07,264840,63,false,,2025-09-15T13:00:30Z,"кей-поп","에이스토리, 모스트콘텐츠",0.488,0.427,6,-7.383,1,0.0382,0.354,0,0.0797,0.157,72.035,4
spotify:track:2EmcTFQ1rM11wp2ztsXTHa,"Black Swan","MAP OF THE SOUL : 7","BTS",2020-02-21,198260,72,false,,2025-09-15T13:00:30Z,"кей-поп","BIGHIT MUSIC",0.719,0.757,2,-5.167,0,0.0849,0.137,0,0.129,0.489,147.024,4
spotify:track:3xYfDSxJhRLDIb1fw71WTw,"Best Of Me","Love Yourself 結 'Answer'","BTS",2018-08-24,227191,64,false,,2025-09-15T13:00:30Z,"кей-поп","BIGHIT MUSIC",0.655,0.756,8,-4.388,1,0.07,0.0298,0,0.396,0.469,121.936,4
spotify:track:4TgxFMOn5yoESW6zCidCXL,"Savage Love (Laxed – Siren Beat) [BTS Remix]","Savage Love (Laxed - Siren Beat) [BTS Remix]","Jawsh 685;Jason Derulo;BTS",2020-10-02,184905,65,true,,2025-09-15T13:00:30Z,"кей-поп","Columbia",0.758,0.598,0,-5.695,0,0.0868,0.16,0,0.295,0.658,149.836,4
spotify:track:4eP8Syl3aBEQw3Jy5Bhq0D,"The Truth Untold","Love Yourself 結 'Answer'","BTS;Steve Aoki",2018-08-24,242292,68,false,,2025-09-15T13:00:30Z,"кей-поп,електро-хаус,електронна танцювальна музика","BIGHIT MUSIC",0.571,0.422,1,-7.561,0,0.0422,0.374,0,0.127,0.169,113.016,4
spotify:track:6g9Vd4z3JnVUiAIRwFlVCG,"Film out","BTS, THE BEST","BTS",2021-06-15,216586,57,false,,2025-09-15T13:00:30Z,"кей-поп","Universal Music LLC",0.503,0.71,10,-6.382,1,0.085,0.297,0,0.329,0.293,81.932,4
spotify:track:45HQ2LUH4ZruF1KmAnGLbq,"Lights","BTS, THE BEST","BTS",2021-06-15,290960,55,false,,2025-09-15T13:00:30Z,"кей-поп","Universal Music LLC",0.607,0.636,5,-5.605,1,0.0324,0.179,0,0.176,0.421,98.997,4
spotify:track:0JKGe340YJwfDrpXqPQ8sw,"Daechwita","D-2","Agust D",2020-05-22,225668,75,true,,2025-09-15T13:00:30Z,"кей-поп,k-rap","BIGHIT MUSIC",0.65,0.827,8,-4.014,1,0.0599,0.0229,0,0.121,0.223,144.995,4
spotify:track:0fZRNhPJ4AGmwY7rkpdbqK,"ON","MAP OF THE SOUL : 7","BTS",2020-02-21,246380,73,false,,2025-09-15T13:00:30Z,"кей-поп","BIGHIT MUSIC",0.583,0.817,9,-5.146,0,0.099,0.118,0,0.338,0.437,105.935,4
spotify:track:474VqnPDr0251lsQBB8sQB,"Butter (Megan Thee Stallion Remix)","Butter (Megan Thee Stallion Remix)","BTS;Megan Thee Stallion",2021-08-27,164457,57,false,,2025-09-15T13:00:30Z,"кей-поп","BIGHIT MUSIC",0.739,0.588,8,-4.971,1,0.136,0.00308,0,0.109,0.774,109.958,4
spotify:track:4bZZVcgWWMWPBwzTTp642w,"Filter","MAP OF THE SOUL : 7","BTS",2020-02-21,180220,71,false,,2025-09-15T13:00:30Z,"кей-поп","BIGHIT MUSIC",0.779,0.762,10,-5.188,0,0.0631,0.0224,0,0.121,0.859,110.043,4
spotify:track:3Ys2PYl1wyPKQIwyqhP9cQ,"Stay Gold","MAP OF THE SOUL : 7 ~ THE JOURNEY ~","BTS",2020-07-14,243266,62,false,,2025-09-15T13:00:30Z,"кей-поп","Universal Music LLC",0.723,0.634,1,-5.415,1,0.0542,0.0892,0,0.0787,0.582,129.017,4
spotify:track:2ApfJvLr7RbhJl6NOVhEu6,"Singularity","Love Yourself 結 'Answer'","BTS",2018-08-24,196998,62,false,,2025-09-15T13:00:30Z,"кей-поп","BIGHIT MUSIC",0.775,0.272,1,-9.126,0,0.091,0.56,0.00278,0.112,0.198,103.991,3
spotify:track:3smbno1dKL410vC27M5KOS,"Tear","Love Yourself 結 'Answer'","BTS",2018-08-24,284980,55,false,,2025-09-15T13:00:30Z,"кей-поп","BIGHIT MUSIC",0.711,0.903,6,-2.723,0,0.246,0.327,0,0.0887,0.469,140.02,4
spotify:track:0RTYfrqHvTUxFpmuvSyobG,"ON - Live","PERMISSION TO DANCE ON STAGE - LIVE","BTS",2025-07-18,331414,58,false,,2025-09-15T13:00:30Z,"кей-поп","BIGHIT MUSIC",0.302,0.964,7,-5.005,1,0.213,0.0766,0.00159,0.739,0.202,105.929,4
spotify:track:0ZesCaUx90FOcVUp2lL3fq,"Burning Up (FIRE) - Live","PERMISSION TO DANCE ON STAGE - LIVE","BTS",2025-07-18,212565,57,false,,2025-09-15T13:00:30Z,"кей-поп","BIGHIT MUSIC",0.546,0.918,8,-5.342,0,0.0785,0.0113,0.000015,0.955,0.31,98.949,4
spotify:track:3gXItsnl1sUAtkovOFiGOQ,"Dope - Live","PERMISSION TO DANCE ON STAGE - LIVE","BTS",2025-07-18,261795,57,false,,2025-09-15T13:00:30Z,"кей-поп","BIGHIT MUSIC",0.462,0.964,10,-4.502,0,0.177,0.00132,0.0225,0.959,0.408,154.011,4
spotify:track:4yodkgQH2SuXMHwMnR35Sp,"DNA - Live","PERMISSION TO DANCE ON STAGE - LIVE","BTS",2025-07-18,228727,56,false,,2025-09-15T13:00:30Z,"кей-поп","BIGHIT MUSIC",0.509,0.924,9,-5.545,1,0.0726,0.00881,0.000646,0.349,0.532,129.958,4
spotify:track:6blVdEq8pMWOcoHdRVzsxG,"Blue & Grey - Live","PERMISSION TO DANCE ON STAGE - LIVE","BTS",2025-07-18,271141,56,false,,2025-09-15T13:00:30Z,"кей-поп","BIGHIT MUSIC",0.464,0.55,8,-10.435,1,0.0372,0.699,0.000305,0.416,0.254,121.919,4
spotify:track:5LlKpH6Y9NB4AA3VJNv5gw,"Black Swan - Live","PERMISSION TO DANCE ON STAGE - LIVE","BTS",2025-07-18,203691,56,false,,2025-09-15T13:00:30Z,"кей-поп","BIGHIT MUSIC",0.58,0.845,2,-6.075,0,0.0953,0.338,0,0.648,0.312,147.041,4
spotify:track:74BEdRSCBbSGYJe2TQvcrR,"Blood Sweat & Tears - Live","PERMISSION TO DANCE ON STAGE - LIVE","BTS",2025-07-18,46410,59,false,,2025-09-15T13:00:30Z,"кей-поп","BIGHIT MUSIC",0.47,0.883,5,-7.218,0,0.245,0.0286,0.00425,0.39,0.564,92.965,4
spotify:track:5OeRRQeyMvgc3a9h5288m9,"FAKE LOVE - Live","PERMISSION TO DANCE ON STAGE - LIVE","BTS",2025-07-18,253446,56,false,,2025-09-15T13:00:30Z,"кей-поп","BIGHIT MUSIC",0.485,0.836,2,-6.302,0,0.0485,0.0309,0,0.831,0.306,154.943,4
spotify:track:0PGLdlM0PkrJ9U8xDp4wMH,"Life Goes On - Live","PERMISSION TO DANCE ON STAGE - LIVE","BTS",2025-07-18,221619,55,false,,2025-09-15T13:00:30Z,"кей-поп","BIGHIT MUSIC",0.476,0.715,1,-7.049,1,0.0324,0.0713,0.00129,0.47,0.21,81.027,4
spotify:track:4EAIHRqVnaof9FKjYQFDGZ,"Boy With Luv (Feat. Halsey) - Live","PERMISSION TO DANCE ON STAGE - LIVE","BTS;Halsey",2025-07-18,236019,56,false,,2025-09-15T13:00:30Z,"кей-поп","BIGHIT MUSIC",0.567,0.892,11,-4.611,0,0.0928,0.0525,0,0.337,0.509,119.974,4
spotify:track:3FZN0Ceh7b6aUz3xPWRyOk,"Dynamite - Live","PERMISSION TO DANCE ON STAGE - LIVE","BTS",2025-07-18,196951,55,false,,2025-09-15T13:00:30Z,"кей-поп","BIGHIT MUSIC",0.613,0.916,1,-4.832,0,0.131,0.135,0.0000535,0.389,0.533,114,4
spotify:track:1Xzqryxsf3vIRazdffKEOL,"Butter - Live","PERMISSION TO DANCE ON STAGE - LIVE","BTS",2025-07-18,196552,55,false,,2025-09-15T13:00:30Z,"кей-поп","BIGHIT MUSIC",0.629,0.872,1,-4.292,1,0.0617,0.0105,0.00000608,0.914,0.61,109.951,4
spotify:track:3VOmrD6wxlMvVkeWpPRcEQ,"Telepathy - Live","PERMISSION TO DANCE ON STAGE - LIVE","BTS",2025-07-18,266690,55,false,,2025-09-15T13:00:30Z,"кей-поп","BIGHIT MUSIC",0.64,0.865,10,-5.1,0,0.0665,0.0389,0,0.295,0.558,105.028,4
spotify:track:4uMdTFR3ApM5LzPboawx4j,"Outro : Wings - Live","PERMISSION TO DANCE ON STAGE - LIVE","BTS",2025-07-18,226093,55,false,,2025-09-15T13:00:30Z,"кей-поп","BIGHIT MUSIC",0.611,0.986,7,-2.773,1,0.227,0.116,0,0.933,0.291,124.994,4
spotify:track:7ldvwszvPNuDAtUM0OJxmj,"Stay - Live","PERMISSION TO DANCE ON STAGE - LIVE","BTS",2025-07-18,136045,55,false,,2025-09-15T13:00:30Z,"кей-поп","BIGHIT MUSIC",0.409,0.819,6,-6.109,1,0.181,0.513,0,0.451,0.419,127.823,4
spotify:track:1M1YZZAhOheB9gFmzqrVLw,"So What - Live","PERMISSION TO DANCE ON STAGE - LIVE","BTS",2025-07-18,174327,55,false,,2025-09-15T13:00:30Z,"кей-поп","BIGHIT MUSIC",0.577,0.914,9,-5.429,0,0.117,0.0272,0.00000298,0.36,0.236,127.907,4
spotify:track:3yzvhUle7G7w8m37pYaM8q,"IDOL - Live","PERMISSION TO DANCE ON STAGE - LIVE","BTS",2025-07-18,262062,55,false,,2025-09-15T13:00:30Z,"кей-поп","BIGHIT MUSIC",0.559,0.983,1,-5.286,0,0.185,0.0453,0,0.925,0.13,125.935,4
spotify:track:5TOeixpcODZEealpmHEfOl,"Airplane pt.2 - Live","PERMISSION TO DANCE ON STAGE - LIVE","BTS",2025-07-18,115956,56,false,,2025-09-15T13:00:30Z,"кей-поп","BIGHIT MUSIC",0.643,0.859,0,-6.383,0,0.0478,0.21,0.00000391,0.869,0.629,139.983,4
spotify:track:0x7ckKKeJUC1bZVPGFEdFW,"Silver Spoon - Live","PERMISSION TO DANCE ON STAGE - LIVE","BTS",2025-07-18,93273,56,false,,2025-09-15T13:00:30Z,"кей-поп","BIGHIT MUSIC",0.52,0.906,9,-4.623,0,0.246,0.0242,0,0.748,0.428,166.957,4
spotify:track:1Mqkv1ZaIW5OLrhId4hsFT,"Dis-ease - Live","PERMISSION TO DANCE ON STAGE - LIVE","BTS",2025-07-18,236479,54,false,,2025-09-15T13:00:30Z,"кей-поп","BIGHIT MUSIC",0.459,0.958,5,-4.398,0,0.386,0.129,0,0.941,0.439,202.097,4
spotify:track:3znJC1qQ4H4OHmteu5atiX,"Spring Day - Live","PERMISSION TO DANCE ON STAGE - LIVE","BTS",2025-07-18,296931,54,false,,2025-09-15T13:00:30Z,"кей-поп","BIGHIT MUSIC",0.493,0.789,8,-6.548,1,0.035,0.195,0.00508,0.967,0.319,107.03,4
spotify:track:4UAnQaQTSMjKjHkqjKwEYx,"Permission to Dance - Live","PERMISSION TO DANCE ON STAGE - LIVE","BTS",2025-07-18,279286,64,false,,2025-09-15T13:00:30Z,"кей-поп","BIGHIT MUSIC",0.589,0.906,9,-5.721,1,0.0642,0.0967,0.00000329,0.951,0.404,125.007,4
spotify:track:59bY27SZQ4r25o02vqOhgC,"Girl Of My Dreams (with SUGA of BTS)","Fighting Demons (Deluxe)","Juice WRLD;SUGA;BTS",2022-03-18,226149,65,true,,2025-09-15T13:00:30Z,"мелодійний реп,емо-реп,кей-поп","Grade A Productions/Interscope Records",0.603,0.771,9,-6.336,1,0.0627,0.194,0,0.13,0.332,139.988,4
spotify:track:6fqaMyg066xlukvUJWdM2T,"00:00 (Zero O’Clock)","MAP OF THE SOUL : 7","BTS",2020-02-21,250295,71,false,,2025-09-15T13:00:30Z,"кей-поп","BIGHIT MUSIC",0.56,0.547,1,-6.456,1,0.0675,0.0806,0,0.11,0.199,157.962,4
spotify:track:4Aw8n6r2vuU0KUo1a2nftp,"Louder than bombs","MAP OF THE SOUL : 7","BTS",2020-02-21,217404,69,false,,2025-09-15T13:00:30Z,"кей-поп","BIGHIT MUSIC",0.643,0.667,0,-6.947,0,0.151,0.0432,0,0.0904,0.478,145.999,4
spotify:track:0YJFlxeHMUr9MxSDQVuQJA,"My Time","MAP OF THE SOUL : 7","BTS",2020-02-21,234457,70,false,,2025-09-15T13:00:30Z,"кей-поп","BIGHIT MUSIC",0.674,0.641,0,-5.139,0,0.0339,0.149,0,0.0925,0.664,99.91,4
spotify:track:6FHVHycPPTQp6aAHjLhzFT,"Her","Love Yourself 結 'Answer'","BTS",2018-08-24,228612,56,false,,2025-09-15T13:00:30Z,"кей-поп","BIGHIT MUSIC",0.48,0.927,3,-5.704,1,0.27,0.317,0,0.0583,0.45,88.804,4
spotify:track:2QZe2H1f03t5PJWEMg2Mbe,"UGH!","MAP OF THE SOUL : 7","BTS",2020-02-21,225012,67,false,,2025-09-15T13:00:30Z,"кей-поп","BIGHIT MUSIC",0.72,0.824,10,-5.086,0,0.128,0.0394,0,0.0509,0.333,165.996,4
spotify:track:5PRJlVG1c2JNa85mFoGARM,"Silver Spoon","The Most Beautiful Moment in Life: Young Forever","BTS",2016-05-02,233184,58,false,,2025-09-15T13:00:30Z,"кей-поп","BIGHIT MUSIC",0.649,0.875,9,-2.88,1,0.0702,0.00128,0,0.0486,0.557,166.925,4
spotify:track:1ZoQVu9XBssJBdeKMgF2eV,"SUGA's Interlude","Manic","Halsey;SUGA;BTS",2020-01-17,138204,60,false,,2025-09-15T13:00:30Z,"кей-поп","Capitol Records",0.441,0.732,0,-6.88,1,0.186,0.0866,0,0.0425,0.244,78.7,4
spotify:track:6Yc3tjFCVR2bfAQFRTZBef,"HOME","MAP OF THE SOUL : PERSONA","BTS",2019-04-12,234177,71,false,,2025-09-15T13:00:30Z,"кей-поп","BIGHIT MUSIC",0.633,0.799,7,-4.625,0,0.0427,0.0144,0,0.194,0.534,142.991,4
spotify:track:0jSccBRnhNU4KtACMQPvco,"Mikrokosmos","MAP OF THE SOUL : PERSONA","BTS",2019-04-12,224225,72,false,,2025-09-15T13:00:30Z,"кей-поп","BIGHIT MUSIC",0.579,0.858,8,-5.212,1,0.114,0.125,0,0.0502,0.475,174.043,3
spotify:track:5RjUtRlDonw3TBgGGMLC5b,"Friends","MAP OF THE SOUL : 7","BTS",2020-02-21,199338,66,false,,2025-09-15T13:00:30Z,"кей-поп","BIGHIT MUSIC",0.55,0.747,1,-5.211,1,0.0407,0.0668,0,0.0536,0.649,79.979,4
spotify:track:133ocfbXXG4HTk76qgSeUb,"We are Bulletproof : the Eternal","MAP OF THE SOUL : 7","BTS",2020-02-21,261542,69,false,,2025-09-15T13:00:30Z,"кей-поп","BIGHIT MUSIC",0.522,0.574,9,-5.225,0,0.0317,0.224,0,0.108,0.176,84.044,4
spotify:track:7om4LRoSct9hiMPo0fPn7m,"Interlude : Shadow","MAP OF THE SOUL : 7","BTS",2020-02-21,259821,63,false,,2025-09-15T13:00:30Z,"кей-поп","BIGHIT MUSIC",0.384,0.798,9,-6.439,0,0.434,0.115,0,0.181,0.146,149.854,4
spotify:track:1WjGvMbHE23jEipydV80Mu,"FAKE LOVE (Rocking Vibe Mix)","Love Yourself 結 'Answer'","BTS",2018-08-24,238494,56,false,,2025-09-15T13:00:30Z,"кей-поп","BIGHIT MUSIC",0.466,0.804,2,-4.009,0,0.0392,0.0573,0,0.432,0.352,154.901,4
spotify:track:6GxNA9J3P70amAXKUPghid,"21st Century Girl","You Never Walk Alone","BTS",2017-02-13,192596,55,false,,2025-09-15T13:00:30Z,"кей-поп","BIGHIT MUSIC",0.716,0.906,2,-3.539,1,0.0719,0.00424,0,0.0547,0.763,101.029,4
spotify:track:66N38jZOApS3dGhy8ijBVV,"Lie","You Never Walk Alone","BTS",2017-02-13,215752,53,false,,2025-09-15T13:00:30Z,"кей-поп","BIGHIT MUSIC",0.541,0.779,6,-5.581,0,0.033,0.00338,0,0.177,0.501,94.069,3
spotify:track:5tLC6mhPAWJ2s2Wr4A6qHX,"BTS Cypher 4","You Never Walk Alone","BTS",2017-02-13,294463,52,false,,2025-09-15T13:00:30Z,"кей-поп","BIGHIT MUSIC",0.817,0.797,1,-4.395,0,0.0839,0.00533,0.00000777,0.0551,0.361,119.978,4
spotify:track:6KhAXXgDtEEahVzATvFNcn,"Moon","MAP OF THE SOUL : 7","BTS",2020-02-21,208589,66,false,,2025-09-15T13:00:30Z,"кей-поп","BIGHIT MUSIC",0.704,0.646,6,-6.658,1,0.0596,0.0104,0,0.191,0.64,141.87,4
spotify:track:25MHcbjvSdcfTiFgbKJiZF,"Inner Child","MAP OF THE SOUL : 7","BTS",2020-02-21,233265,65,false,,2025-09-15T13:00:30Z,"кей-поп","BIGHIT MUSIC",0.589,0.696,11,-7.981,1,0.0725,0.017,0,0.0808,0.33,134.953,4
spotify:track:2QP1vvLPtAVOVAFabpqypA,"Butterfly","The Most Beautiful Moment in Life: Young Forever","BTS",2016-05-02,240090,54,false,,2025-09-15T13:00:30Z,"кей-поп","BIGHIT MUSIC",0.439,0.747,6,-4.583,1,0.0535,0.0107,0,0.101,0.275,149.786,4
spotify:track:0Q2rXWKozTyewEaVUkFhmA,"Begin","You Never Walk Alone","BTS",2017-02-13,229740,51,false,,2025-09-15T13:00:30Z,"кей-поп","BIGHIT MUSIC",0.566,0.842,9,-5.222,0,0.0442,0.00357,0.000253,0.141,0.308,131.05,4
spotify:track:1wdWWC1YzKkCWp06e0IPqH,"Boy in Luv","Skool Luv Affair (Special Addition)","BTS",2014-05-14,230778,53,false,,2025-09-15T13:00:30Z,"кей-поп","BIGHIT MUSIC",0.491,0.947,0,-2.252,1,0.306,0.00261,0,0.34,0.474,166.236,4
spotify:track:0G1Y5QG8wULxMzm45vqPIZ,"2! 3!","You Never Walk Alone","BTS",2017-02-13,272537,52,false,,2025-09-15T13:00:30Z,"кей-поп","BIGHIT MUSIC",0.442,0.928,7,-4.096,1,0.207,0.0257,0,0.1,0.601,169.847,4
spotify:track:612T32kWgsXgsJ5gl8KXpN,"Ma City","The Most Beautiful Moment in Life: Young Forever","BTS",2016-05-02,256838,54,false,,2025-09-15T13:00:30Z,"кей-поп","BIGHIT MUSIC",0.678,0.97,6,-2.155,0,0.0989,0.000264,0,0.0548,0.783,122.017,4
spotify:track:6aDhj6RxOvQ4GFo9U7lZYi,"Lost","You Never Walk Alone","BTS",2017-02-13,241787,51,false,,2025-09-15T13:00:30Z,"кей-поп","BIGHIT MUSIC",0.547,0.838,9,-4.157,0,0.0544,0.000374,0,0.0562,0.47,85.018,4
spotify:track:5oXLcjfVfq0QxIfgIHgYGn,"Just One Day","Skool Luv Affair (Special Addition)","BTS",2014-05-14,239469,57,false,,2025-09-15T13:00:30Z,"кей-поп","BIGHIT MUSIC",0.685,0.713,6,-4.705,0,0.266,0.179,0,0.377,0.301,95.092,4
spotify:track:5grRCOfgYUpsGHsDHl4K1Y,"Stigma","You Never Walk Alone","BTS",2017-02-13,216063,57,false,,2025-09-15T13:00:30Z,"кей-поп","BIGHIT MUSIC",0.566,0.475,0,-5.556,0,0.089,0.148,0,0.139,0.335,136.442,4
spotify:track:2j9ipQhjMruvvqN2azJgtF,"Intro: Boy Meets Evil","You Never Walk Alone","BTS",2017-02-13,121770,50,false,,2025-09-15T13:00:30Z,"кей-поп","BIGHIT MUSIC",0.573,0.89,5,-3.53,0,0.214,0.0212,0,0.132,0.242,130.251,4
spotify:track:6bv8GUc337blg2QcskhdAJ,"Jump","Skool Luv Affair (Special Addition)","BTS",2014-05-14,236488,52,false,,2025-09-15T13:00:30Z,"кей-поп","BIGHIT MUSIC",0.495,0.974,7,-0.947,0,0.282,0.0349,0,0.44,0.763,102.077,4
spotify:track:6u6d06X2GzZ9AjPrh14MJH,"Am I Wrong","You Never Walk Alone","BTS",2017-02-13,213082,54,false,,2025-09-15T13:00:30Z,"кей-поп","BIGHIT MUSIC",0.76,0.834,6,-4.992,1,0.0494,0.00125,0.0000107,0.0868,0.679,107.988,4
spotify:track:1GZ4rjIbktlYy1n7zmyCmq,"Awake","You Never Walk Alone","BTS",2017-02-13,226160,53,false,,2025-09-15T13:00:30Z,"кей-поп","BIGHIT MUSIC",0.35,0.498,3,-6.589,1,0.0332,0.023,0.00000199,0.269,0.34,142.803,4
spotify:track:01380RE6UfsPSdiUIwrCoH,"MIC Drop (Steve Aoki Remix) (Full Length Edition)","Love Yourself 結 'Answer'","BTS;Steve Aoki",2018-08-24,307675,72,false,,2025-09-15T13:00:30Z,"кей-поп,електро-хаус,електронна танцювальна музика","BIGHIT MUSIC",0.606,0.85,11,-3.952,1,0.183,0.0114,0.00000101,0.206,0.542,170.01,4
spotify:track:25TIeoVFG1QKdMppHdjNq0,"MAMA","You Never Walk Alone","BTS",2017-02-13,212275,54,false,,2025-09-15T13:00:30Z,"кей-поп","BIGHIT MUSIC",0.543,0.739,5,-4.818,0,0.232,0.000226,0.0000214,0.0816,0.466,185.832,4
spotify:track:7gnIQ7K1TBbIvhVrR4c4gI,"Hold Me Tight","The Most Beautiful Moment in Life: Young Forever","BTS",2016-05-02,273992,53,false,,2025-09-15T13:00:30Z,"кей-поп","BIGHIT MUSIC",0.64,0.799,6,-4.673,1,0.262,0.0155,0.0000044,0.218,0.376,139.962,4
spotify:track:0S6rA2IKknGGsyZNEkwRJB,"Autumn Leaves","The Most Beautiful Moment in Life: Young Forever","BTS",2016-05-02,267150,53,false,,2025-09-15T13:00:30Z,"кей-поп","BIGHIT MUSIC",0.625,0.799,10,-3.54,0,0.0427,0.0108,0,0.144,0.316,105.007,4
spotify:track:2LVw2bIK99go1NdD77dUCW,"Outro : Ego","MAP OF THE SOUL : 7","BTS",2020-02-21,196198,63,false,,2025-09-15T13:00:30Z,"кей-поп","BIGHIT MUSIC",0.808,0.903,0,-3.106,1,0.0957,0.0121,0.000248,0.0993,0.473,116.988,4
spotify:track:474dlSQ6pirpzcSf58cZOF,"First Love","You Never Walk Alone","BTS",2017-02-13,189795,49,false,,2025-09-15T13:00:30Z,"кей-поп","BIGHIT MUSIC",0.545,0.74,8,-5.997,0,0.308,0.364,0,0.164,0.671,86.842,4
spotify:track:4XtvJ78i5yI5QigVHuxWZt,"Converse High","The Most Beautiful Moment in Life: Young Forever","BTS",2016-05-02,210221,53,false,,2025-09-15T13:00:30Z,"кей-поп","BIGHIT MUSIC",0.72,0.803,1,-3.67,1,0.0963,0.0245,0,0.2,0.804,97.999,4
spotify:track:2J0X46UkpfLlWbuCXFgDLr,"Waste It On Me (feat. BTS)","Neon Future III","Steve Aoki;BTS",2018-11-09,192536,62,false,,2025-09-15T13:00:30Z,"електро-хаус,електронна танцювальна музика,кей-поп","Ultra Records, LLC",0.669,0.684,7,-4.595,1,0.0585,0.252,0,0.72,0.466,96.097,4
spotify:track:2HMVg8AqrijDGKu0U5bVNH,"Whalien 52","The Most Beautiful Moment in Life: Young Forever","BTS",2016-05-02,243552,55,false,,2025-09-15T13:00:30Z,"кей-поп","BIGHIT MUSIC",0.572,0.937,10,-2.569,0,0.28,0.0866,0.0000155,0.342,0.771,90.021,4
spotify:track:7MtCKC1shCaN0eaZoEd8yF,"Reflection","You Never Walk Alone","BTS",2017-02-13,233917,49,false,,2025-09-15T13:00:30Z,"кей-поп","BIGHIT MUSIC",0.555,0.607,2,-7.991,1,0.085,0.0135,0.00000159,0.2,0.273,73.997,4
spotify:track:2yKBnKOmPXePrbHqRv42r4,"Respect","MAP OF THE SOUL : 7","BTS",2020-02-21,237540,59,false,,2025-09-15T13:00:30Z,"кей-поп","BIGHIT MUSIC",0.661,0.838,0,-4.806,1,0.116,0.00491,0,0.287,0.526,91.463,4
spotify:track:1srYOWykolKZnA6SAN1GiA,"Spine Breaker","Skool Luv Affair (Special Addition)","BTS",2014-05-14,238529,51,false,,2025-09-15T13:00:30Z,"кей-поп","BIGHIT MUSIC",0.679,0.927,0,-1.058,1,0.15,0.164,0,0.437,0.861,93.989,4
spotify:track:1dS4l6xmdgEhCZTAhdOm4N,"Serendipity (Full Length Edition)","Love Yourself 結 'Answer'","BTS",2018-08-24,276707,68,false,,2025-09-15T13:00:30Z,"кей-поп","BIGHIT MUSIC",0.422,0.578,8,-7.524,1,0.0548,0.443,0,0.231,0.227,128.921,4
spotify:track:4JWbH50WabthGhmtduR8b9,"ON (Feat. Sia)","MAP OF THE SOUL : 7","BTS;Sia",2020-02-21,246816,57,false,,2025-09-15T13:00:30Z,"кей-поп","BIGHIT MUSIC",0.591,0.848,9,-4.396,0,0.0828,0.137,0,0.372,0.385,105.924,4
spotify:track:4sfXQzbYjROMuEgDfJisj3,"All Night (BTS World Original Soundtrack) (Pt. 3)","All Night (BTS World Original Soundtrack) (Pt. 3)","BTS;Juice WRLD",2019-06-21,216873,62,false,,2025-09-15T13:00:30Z,"кей-поп,мелодійний реп,емо-реп","BIGHIT MUSIC",0.726,0.705,5,-4.765,1,0.121,0.194,0,0.109,0.634,120.042,4
spotify:track:7j8YcE2SKZoLkeLL0qMvkH,"Moving On","The Most Beautiful Moment in Life: Young Forever","BTS",2016-05-02,292519,50,false,,2025-09-15T13:00:30Z,"кей-поп","BIGHIT MUSIC",0.68,0.926,0,-2.551,1,0.162,0.00223,0.0000103,0.0905,0.936,159.959,4
spotify:track:0GjWvVr7TZzceNwdSDRuXy,"Dream Glow (BTS World Original Soundtrack) (Pt. 1)","Dream Glow (BTS World Original Soundtrack) (Pt. 1)","BTS;Charli xcx",2019-06-07,187457,60,false,,2025-09-15T13:00:30Z,"кей-поп,гіперпоп,арт-поп","BIGHIT MUSIC",0.735,0.74,0,-3.837,0,0.0519,0.0967,0,0.101,0.541,141.95,4
spotify:track:1LdpcTZm0Of4Nq0FsbREKO,"Tomorrow","Skool Luv Affair (Special Addition)","BTS",2014-05-14,261574,50,false,,2025-09-15T13:00:30Z,"кей-поп","BIGHIT MUSIC",0.399,0.887,1,-2.578,0,0.201,0.00946,0,0.281,0.627,128.119,4
spotify:track:6L88EH68XwlaXwvChlTS41,"Epiphany","Love Yourself 結 'Answer'","BTS",2018-08-24,240361,69,false,,2025-09-15T13:00:30Z,"кей-поп","BIGHIT MUSIC",0.508,0.559,2,-6.366,0,0.0276,0.288,0,0.131,0.329,135.866,4
spotify:track:2X3UgVLSA4wYriGIQyYmMA,"Answer : Love Myself","Love Yourself 結 'Answer'","BTS",2018-08-24,251279,66,false,,2025-09-15T13:00:30Z,"кей-поп","BIGHIT MUSIC",0.568,0.793,1,-3.749,1,0.0406,0.189,0,0.111,0.45,108.051,4
spotify:track:7HYJqAMbKDJYRyEfUGOCBB,"I'm Fine","Love Yourself 結 'Answer'","BTS",2018-08-24,240339,67,false,,2025-09-15T13:00:30Z,"кей-поп","BIGHIT MUSIC",0.511,0.84,11,-2.781,0,0.103,0.00852,0,0.346,0.303,87.605,4
spotify:track:4YDHRtzm0OGuieCTVQjVuk,"Trivia 起 : Just Dance","Love Yourself 結 'Answer'","BTS",2018-08-24,225220,62,false,,2025-09-15T13:00:30Z,"кей-поп","BIGHIT MUSIC",0.723,0.906,1,-4.777,0,0.281,0.0929,0,0.0771,0.393,125.023,4
spotify:track:2C4AmTAKoJQgfMDXFasXcY,"Intro: The Most Beautiful Moment in Life","The Most Beautiful Moment in Life: Young Forever","BTS",2016-05-02,124738,50,false,,2025-09-15T13:00:30Z,"кей-поп","BIGHIT MUSIC",0.494,0.97,7,-3.513,0,0.444,0.205,0,0.0692,0.23,92.56,4
spotify:track:3amNzwQ9muL0ZwDCbe9gWy,"A Brand New Day (BTS World Original Soundtrack) (Pt. 2)","A Brand New Day (BTS World Original Soundtrack) (Pt. 2)","BTS;Zara Larsson",2019-06-14,205019,58,false,,2025-09-15T13:00:30Z,"кей-поп","BIGHIT MUSIC",0.804,0.498,8,-7.387,0,0.0575,0.341,0.000234,0.18,0.711,105.008,4
spotify:track:0mZI1NpihIVcho2f9MmqSW,"Trivia 轉 : Seesaw","Love Yourself 結 'Answer'","BTS",2018-08-24,246334,67,false,,2025-09-15T13:00:30Z,"кей-поп","BIGHIT MUSIC",0.707,0.791,5,-4.483,0,0.035,0.179,0,0.102,0.674,106.985,4
spotify:track:1EzaBJk1rcT3ukKRPko1s4,"BTS Cypher Pt.2: Triptych","Skool Luv Affair (Special Addition)","BTS",2014-05-14,288771,48,false,,2025-09-15T13:00:30Z,"кей-поп","BIGHIT MUSIC",0.585,0.98,5,-0.826,1,0.37,0.127,0,0.692,0.837,141.945,4
spotify:track:54azQnjuDYDFfImXimGFsA,"IDOL","Love Yourself 結 'Answer'","BTS;Nicki Minaj",2018-08-24,260233,60,false,,2025-09-15T13:00:30Z,"кей-поп","BIGHIT MUSIC",0.708,0.857,6,-3.394,0,0.0827,0.00219,0,0.103,0.449,126.051,4
spotify:track:1ZPeaPDjQOOC8hw1mNjyjF,"Pied Piper","Love Yourself 承 'Her'","BTS",2017-09-18,245620,74,false,,2025-09-15T13:00:30Z,"кей-поп","BIGHIT MUSIC",0.583,0.712,2,-4.942,0,0.0326,0.2,0,0.268,0.778,94.051,4
spotify:track:6bSwpQYEguyMlkCoWiBt3Y,"Trivia 承 : Love","Love Yourself 結 'Answer'","BTS",2018-08-24,225697,60,false,,2025-09-15T13:00:30Z,"кей-поп","BIGHIT MUSIC",0.761,0.761,5,-5.721,0,0.0899,0.242,0,0.103,0.484,121.971,4
spotify:track:7Ki0hse0IfXEcXUlpyECbJ,"Blue & Grey","BE","BTS",2020-11-20,254950,69,false,,2025-09-15T13:00:30Z,"кей-поп","BIGHIT MUSIC",0.547,0.605,8,-6.755,1,0.0415,0.42,0,0.125,0.364,121.953,4
spotify:track:7EW03rmUEfPIFSxuzZQsgA,"Outro: Propose","Skool Luv Affair (Special Addition)","BTS",2014-05-14,122513,49,false,,2025-09-15T13:00:30Z,"кей-поп","BIGHIT MUSIC",0.397,0.847,2,-2.488,1,0.159,0.467,0,0.205,0.514,173.733,4
spotify:track:6Fnvi5QnVkTskSzeRvvQds,"Telepathy","BE","BTS",2020-11-20,202313,67,false,,2025-09-15T13:00:30Z,"кей-поп","BIGHIT MUSIC",0.787,0.669,5,-4.333,0,0.0428,0.00782,0,0.123,0.57,104.994,4
spotify:track:6gGCS5r2t5uxaeBWAPeBp2,"Where You From","Skool Luv Affair (Special Addition)","BTS",2014-05-14,240106,49,false,,2025-09-15T13:00:30Z,"кей-поп","BIGHIT MUSIC",0.654,0.867,7,-1.772,1,0.313,0.432,0,0.0745,0.919,85.078,4
spotify:track:5heidJi9Gni0QHhXStoimY,"Intro: Skool Luv Affair","Skool Luv Affair (Special Addition)","BTS",2014-05-14,178282,48,false,,2025-09-15T13:00:30Z,"кей-поп","BIGHIT MUSIC",0.587,0.82,4,-2.701,0,0.428,0.0601,0,0.0599,0.671,93.841,4
spotify:track:0wqqe8k13bJPxRt7FEmnwS,"So What","Love Yourself 轉 'Tear'","BTS",2018-05-18,281520,69,false,,2025-09-15T13:00:30Z,"кей-поп","BIGHIT MUSIC",0.657,0.883,9,-4.294,0,0.0733,0.0238,0,0.0481,0.461,129.943,4
spotify:track:4ROdFnoZNn2RTmwct0cVpx,"Love Maze","Love Yourself 轉 'Tear'","BTS",2018-05-18,221529,69,false,,2025-09-15T13:00:30Z,"кей-поп","BIGHIT MUSIC",0.637,0.876,9,-4.652,1,0.0618,0.0483,0,0.0728,0.759,149.93,4
spotify:track:1NHl9g36Ebu3g16y0vtUNV,"Fly To My Room","BE","BTS",2020-11-20,222242,67,false,,2025-09-15T13:00:30Z,"кей-поп","BIGHIT MUSIC",0.764,0.526,11,-7.355,1,0.212,0.0484,0,0.0718,0.588,114.91,4
spotify:track:0hxeouHqP3qzpTHerA7ha2,"Dis-ease","BE","BTS",2020-11-20,239722,65,false,,2025-09-15T13:00:30Z,"кей-поп","BIGHIT MUSIC",0.731,0.845,8,-5.352,1,0.132,0.0132,0,0.0782,0.484,101.085,4
spotify:track:0TdWVbcerMAcvljXrl9gpG,"Stay","BE","BTS",2020-11-20,204800,64,false,,2025-09-15T13:00:30Z,"кей-поп","BIGHIT MUSIC",0.582,0.693,6,-5.048,1,0.0465,0.114,0,0.13,0.341,125.904,4
spotify:track:1YO4xJXhh9A1Feg9k8xuy2,"Paradise","Love Yourself 轉 'Tear'","BTS",2018-05-18,211223,69,false,,2025-09-15T13:00:30Z,"кей-поп","BIGHIT MUSIC",0.551,0.828,5,-5.523,1,0.352,0.214,0,0.0571,0.928,139.662,4
spotify:track:0RFxljd297sk7sKm5ZDD5J,"DNA (Pedal 2 LA Mix)","Love Yourself 結 'Answer'","BTS",2018-08-24,247483,53,false,,2025-09-15T13:00:30Z,"кей-поп","BIGHIT MUSIC",0.487,0.956,1,-3.44,0,0.134,0.0352,0,0.301,0.482,129.966,4
spotify:track:1MX0g22bQkr9HDVe37fLnN,"134340","Love Yourself 轉 'Tear'","BTS",2018-05-18,230063,66,false,,2025-09-15T13:00:30Z,"кей-поп","BIGHIT MUSIC",0.665,0.687,11,-6.466,0,0.0547,0.155,0.0000928,0.173,0.651,106.023,4
spotify:track:6NbfFVZ01Ttvvqmcok8DxL,"Crystal Snow","FACE YOURSELF","BTS",2018-04-04,323360,63,false,,2025-09-15T13:00:30Z,"кей-поп","Universal Music LLC",0.618,0.766,3,-4.507,1,0.0323,0.117,0,0.121,0.448,113.997,4
spotify:track:7gP8B9DHYnZ7AynrVdhYbZ,"Skit: Soulmate","Skool Luv Affair (Special Addition)","BTS",2014-05-14,92791,47,false,,2025-09-15T13:00:30Z,"кей-поп","BIGHIT MUSIC",0.633,0.285,4,-15.35,1,0.841,0.898,0,0.905,0.749,124.219,3
spotify:track:6XxpvCj3eLWs3lYowSgC4G,"MIC Drop (feat. Desiigner) [Steve Aoki Remix]","MIC Drop (feat. Desiigner) [Steve Aoki Remix]","BTS;Desiigner;Steve Aoki",2017-11-24,238726,56,false,,2025-09-15T13:00:30Z,"кей-поп,електро-хаус,електронна танцювальна музика","BIGHIT MUSIC",0.612,0.841,10,-4.332,0,0.219,0.0157,0,0.23,0.644,169.915,4
spotify:track:6woeVu3fVMflqen1t4N6pg,"Old Town Road (feat. RM of BTS) - Seoul Town Road Remix","Old Town Road (feat. RM of BTS) [Seoul Town Road Remix]","Lil Nas X;RM;BTS",2019-07-24,114133,58,false,,2025-09-15T13:00:30Z,"кей-поп,k-rap","Columbia",0.89,0.513,1,-5.996,1,0.154,0.0706,0,0.102,0.61,136.02,4
spotify:track:7kyUapJyppdjzoAWB6XS14,"Outro: Wings","You Never Walk Alone","BTS",2017-02-13,225446,65,false,,2025-09-15T13:00:30Z,"кей-поп","BIGHIT MUSIC",0.651,0.903,11,-3.117,0,0.129,0.00503,0,0.0875,0.658,125.032,4
spotify:track:61RvEx7GLYRHQhG7ldjJo1,"Intro: Serendipity","Love Yourself 承 'Her'","BTS",2017-09-18,139971,59,false,,2025-09-15T13:00:30Z,"кей-поп","BIGHIT MUSIC",0.477,0.581,8,-8.795,1,0.119,0.523,0,0.201,0.282,129.571,4
spotify:track:7GNRUsU3M4XNDDB9xle5Dz,"That That (prod.&feat. SUGA of BTS)","PSY 9th","PSY;SUGA",2022-04-29,174646,71,false,,2025-09-15T13:00:30Z,"кей-поп","P NATION",0.903,0.962,4,-3.203,1,0.0852,0.0302,0,0.0273,0.906,129.968,4
spotify:track:5dEaQCUCJIQyJs5qVZYXOC,"Come Back Home","Come Back Home","BTS",2017-07-04,244587,57,false,,2025-09-15T13:00:30Z,"кей-поп","Genie Music Corporation, Stone Music Entertainment",0.647,0.881,11,-4.42,0,0.0765,0.00154,0.00000112,0.113,0.456,100.001,4
spotify:track:6BskTMfDjXVzeqQHOau5Vi,"Epilogue: Young Forever","The Most Beautiful Moment in Life: Young Forever","BTS",2016-05-02,171803,67,false,,2025-09-15T13:00:30Z,"кей-поп","BIGHIT MUSIC",0.606,0.815,5,-3.818,0,0.232,0.04,0,0.119,0.386,88.054,4
spotify:track:0zzRxtfO5FGxKdqq4OKmlw,"Danger","Dark & Wild","BTS",2014-08-20,245140,70,false,,2025-09-15T13:00:30Z,"кей-поп","BIGHIT MUSIC",0.738,0.868,1,-3.363,1,0.0702,0.000907,0.000209,0.275,0.377,111.991,4
spotify:track:29SjtKzBoJDgyIBusHylIS,"War of Hormone","Dark & Wild","BTS",2014-08-20,265602,68,false,,2025-09-15T13:00:30Z,"кей-поп","BIGHIT MUSIC",0.612,0.993,9,-1.895,1,0.24,0.116,0,0.307,0.488,98.004,4
spotify:track:6S2gYweMmT6xygVh5q3QLa,"House of Cards (Full Length Edition)","The Most Beautiful Moment in Life: Young Forever","BTS",2016-05-02,226212,71,false,,2025-09-15T13:00:30Z,"кей-поп","BIGHIT MUSIC",0.367,0.668,2,-4.484,0,0.052,0.336,0,0.147,0.384,104.961,4
spotify:track:16SFlxZd0oH4YA7KvCQlsG,"Skit","BE","BTS",2020-11-20,179547,57,false,,2025-09-15T13:00:30Z,"кей-поп","BIGHIT MUSIC",0.703,0.321,4,-13.135,1,0.884,0.864,0,0.908,0.544,114.822,4
spotify:track:0XwvxY5yMRI7vh55eBRe3B,"Butterfly (Prologue Mix)","The Most Beautiful Moment in Life: Young Forever","BTS",2016-05-02,295127,59,false,,2025-09-15T13:00:30Z,"кей-поп","BIGHIT MUSIC",0.373,0.541,1,-6.451,1,0.0526,0.0446,0.001,0.0909,0.134,69.98,4
spotify:track:089PFeXotzDLNQz9NCk6pF,"No More Dream","2 Cool 4 Skool","BTS",2013-06-12,222066,71,false,,2025-09-15T13:00:30Z,"кей-поп","BIGHIT MUSIC",0.438,0.864,2,-5.185,1,0.47,0.0118,0.00000166,0.431,0.594,167.898,4
spotify:track:2ZbYyDM0pacTwP2odNsdlo,"A Supplementary Story: You Never Walk Alone","You Never Walk Alone","BTS",2017-02-13,156060,58,false,,2025-09-15T13:00:30Z,"кей-поп","BIGHIT MUSIC",0.696,0.903,8,-4.788,1,0.151,0.00596,0,0.0668,0.59,127.994,4
spotify:track:6dNOlenVY8vp29pkMZOd7c,"Interlude: Wings","Wings","BTS",2016-10-10,144313,60,false,,2025-09-15T13:00:30Z,"кей-поп","BIGHIT MUSIC",0.638,0.851,11,-3.042,0,0.0663,0.0102,0,0.114,0.6,124.992,4
spotify:track:1sz4drpDPpHVrPUgnXGaNn,"Boyz with Fun","The Most Beautiful Moment in Life Pt.1","BTS",2015-04-29,244156,63,false,,2025-09-15T13:00:30Z,"кей-поп","BIGHIT MUSIC",0.704,0.96,1,-2.606,0,0.192,0.0808,0,0.383,0.751,116.024,4
spotify:track:7CAdT0HdiQNlt1C7xk2hep,"Stay Alive (Prod. SUGA of BTS)","Stay Alive (Prod. SUGA of BTS)","Jung Kook",2022-02-11,210928,70,false,,2025-09-15T13:00:30Z,"кей-поп","BIGHIT MUSIC",0.512,0.76,2,-5.889,0,0.0682,0.299,0,0.103,0.495,130.096,4
spotify:track:55Ctj6nVfobn9AcPe6sLG2,"Like","2 Cool 4 Skool","BTS",2013-06-12,231893,70,false,,2025-09-15T13:00:30Z,"кей-поп","BIGHIT MUSIC",0.737,0.723,0,-4.165,0,0.0705,0.303,0,0.26,0.783,100.939,4
spotify:track:5pjHS3EpHurMyIpB2QBnEd,"We Are Bulletproof Pt.2","2 Cool 4 Skool","BTS",2013-06-12,223933,66,false,,2025-09-15T13:00:30Z,"кей-поп","BIGHIT MUSIC",0.753,0.95,8,-5.09,0,0.16,0.0104,0.00000632,0.134,0.868,144.02,4
spotify:track:5OlieB5VdsOMuBuCtllXGW,"BTS Cypher Pt.3: Killer","Dark & Wild","BTS;Supreme Boi",2014-08-20,267782,65,false,,2025-09-15T13:00:30Z,"кей-поп,k-rap","BIGHIT MUSIC",0.793,0.924,4,-3.017,0,0.321,0.0217,0,0.644,0.665,140.031,4
spotify:track:43x0i2PPXrmOGTTgoyqGNZ,"For You","For You","BTS",2015-06-17,285066,52,false,,2025-09-15T13:00:30Z,"кей-поп","PONY CANYON INC.",0.554,0.814,4,-4.312,1,0.211,0.477,0,0.111,0.572,166.064,4
spotify:track:6OeYM2861GaP3D1pbBqmbp,"Skit: Billboard Music Awards Speech","Love Yourself 承 'Her'","BTS",2017-09-18,107062,49,false,,2025-09-15T13:00:30Z,"кей-поп","BIGHIT MUSIC",0.315,0.694,3,-15.389,1,0.398,0.38,0.000203,0.66,0.327,90.586,3
spotify:track:2y6Ty2NPAsP84XJAtzLxuk,"Chicken Noodle Soup (feat. Becky G)","Chicken Noodle Soup (feat. Becky G)","j-hope;Becky G",2019-09-27,235497,65,false,,2025-09-15T13:00:30Z,"кей-поп,k-rap,реггетон,латино","BIGHIT MUSIC",0.827,0.817,2,-4.081,1,0.0953,0.00496,0.0000119,0.294,0.167,97.008,4
spotify:track:12MGUs7yIus6sU09ekZMjw,"Love Is Not Over (Full Length Edition)","The Most Beautiful Moment in Life: Young Forever","BTS",2016-05-02,221619,60,false,,2025-09-15T13:00:30Z,"кей-поп","BIGHIT MUSIC",0.462,0.576,2,-5.089,1,0.0831,0.124,0,0.127,0.278,102.972,4
spotify:track:0G0UoEFLum7ZPJxbmMbhPf,"Butterfly (Alternative Mix)","The Most Beautiful Moment in Life: Young Forever","BTS",2016-05-02,241144,50,false,,2025-09-15T13:00:30Z,"кей-поп","BIGHIT MUSIC",0.345,0.717,6,-4.6,1,0.0479,0.00633,0,0.149,0.209,149.541,4
spotify:track:7JosxtkCqIQieNWXA2Dj3v,"N.O","O!RUL8,2?","BTS",2013-09-11,209751,65,false,,2025-09-15T13:00:30Z,"кей-поп","BIGHIT MUSIC",0.595,0.914,11,-3.764,0,0.166,0.0389,0,0.457,0.572,146.89,4
spotify:track:06PapYCtVDlprJPgGELabn,"Attack on Bangtan","O!RUL8,2?","BTS",2013-09-11,246525,66,false,,2025-09-15T13:00:30Z,"кей-поп","BIGHIT MUSIC",0.72,0.962,11,-2.555,0,0.268,0.2,0,0.165,0.667,118.025,4
spotify:track:4eqHEzFsCCiGALC1MHbqnU,"Coffee","O!RUL8,2?","BTS",2013-09-11,260433,66,false,,2025-09-15T13:00:30Z,"кей-поп","BIGHIT MUSIC",0.656,0.798,0,-6.608,1,0.103,0.00862,0,0.321,0.573,92.031,4
spotify:track:2cy3eWaTBoOFJwtFMR6jKb,"Outro: House of Cards","The Most Beautiful Moment in Life Pt.2","BTS",2015-11-30,177413,60,false,,2025-09-15T13:00:30Z,"кей-поп","BIGHIT MUSIC",0.37,0.652,2,-4.717,1,0.0402,0.4,0,0.129,0.265,104.162,4
spotify:track:0avGJHXsqHQfFloHTCbcwb,"I Need U (Urban Mix)","The Most Beautiful Moment in Life: Young Forever","BTS",2016-05-02,215189,51,false,,2025-09-15T13:00:30Z,"кей-поп","BIGHIT MUSIC",0.56,0.814,5,-3.603,0,0.0688,0.108,0,0.188,0.532,74.01,4
spotify:track:3Wno87vVBVbSVS2vUUFuKC,"Sweet Night","ITAEWON CLASS (Original Television Soundtrack) Pt. 12","V",2020-03-13,214258,70,false,,2025-09-15T13:00:30Z,"кей-поп","(주)블렌딩",0.459,0.339,3,-7.961,1,0.0251,0.491,0.00000605,0.0892,0.146,92.097,4
spotify:track:2uqzfXB7NlBnhQd04W7HaH,"Let Me Know","Dark & Wild","BTS",2014-08-20,254973,69,false,,2025-09-15T13:00:30Z,"кей-поп","BIGHIT MUSIC",0.61,0.829,11,-4.84,0,0.0847,0.0111,0,0.0961,0.156,136.102,4
spotify:track:0x4cMbCLC6L7aJQs3EiPaZ,"Look Here","Dark & Wild","BTS",2014-08-20,218887,62,false,,2025-09-15T13:00:30Z,"кей-поп","BIGHIT MUSIC",0.863,0.854,4,-4.564,0,0.0893,0.0418,0.00152,0.0551,0.784,119.996,4
spotify:track:6Jr2GutTFyfvAzGA36R2Uj,"Rain","Dark & Wild","BTS",2014-08-20,264666,65,false,,2025-09-15T13:00:30Z,"кей-поп","BIGHIT MUSIC",0.703,0.851,1,-4.918,0,0.144,0.031,0,0.354,0.315,89.958,4
spotify:track:4ou8XX6AM0XFVjWFuzllWP,"Run (Alternative Mix)","The Most Beautiful Moment in Life: Young Forever","BTS",2016-05-02,236437,49,false,,2025-09-15T13:00:30Z,"кей-поп","BIGHIT MUSIC",0.595,0.87,6,-3.086,0,0.0321,0.000183,0.0000394,0.371,0.586,132.99,4
spotify:track:1ht2uYq91yLc9S6IxwiwCK,"Miss Right","Skool Luv Affair (Special Addition)","BTS",2014-05-14,241374,58,false,,2025-09-15T13:00:30Z,"кей-поп","BIGHIT MUSIC",0.718,0.835,1,-4.925,1,0.213,0.371,0,0.0764,0.855,92.97,4
spotify:track:6HDHaCnH2FCSdEwXrJfEVF,"People","D-2","Agust D",2020-05-22,197000,66,false,,2025-09-15T13:00:30Z,"кей-поп,k-rap","BIGHIT MUSIC",0.76,0.682,1,-6.441,1,0.0371,0.0616,0,0.118,0.372,120.008,4
spotify:track:4c9XojqJDu7KNCh8GmNbj5,"Hip Hop Phile","Dark & Wild","BTS",2014-08-20,257299,61,false,,2025-09-15T13:00:30Z,"кей-поп","BIGHIT MUSIC",0.796,0.878,1,-3.325,1,0.185,0.171,0,0.234,0.795,144,4
spotify:track:4pzjU0AnZa6Vfphk292e9Q,"I Need U (Remix)","The Most Beautiful Moment in Life: Young Forever","BTS",2016-05-02,223012,49,false,,2025-09-15T13:00:30Z,"кей-поп","BIGHIT MUSIC",0.519,0.918,5,-2.838,0,0.208,0.00258,0.00000355,0.448,0.49,158.052,4
spotify:track:4NNpKLaoOEeYi78vQDb3lB,"Run (Ballad Mix)","The Most Beautiful Moment in Life: Young Forever","BTS",2016-05-02,257000,51,false,,2025-09-15T13:00:30Z,"кей-поп","BIGHIT MUSIC",0.568,0.775,6,-3.188,0,0.0361,0.0311,0,0.379,0.595,128.019,4
spotify:track:5EdwOTiD4Vz7xEoB7jt8En,"So 4 more","Dark & Wild","BTS",2014-08-20,235020,60,false,,2025-09-15T13:00:30Z,"кей-поп","BIGHIT MUSIC",0.676,0.925,8,-2.451,1,0.111,0.00405,0.00000631,0.279,0.798,163.952,4
spotify:track:3eSPLTR9JtKiT1X4sAkTg8,"Embarrassed","Dark & Wild","BTS",2014-08-20,241761,63,false,,2025-09-15T13:00:30Z,"кей-поп","BIGHIT MUSIC",0.556,0.897,2,-3.019,1,0.282,0.181,0,0.379,0.551,84.604,4
spotify:track:17SBD4aDKo9ZeahcQJ6j72,"24/7=Heaven","Dark & Wild","BTS",2014-08-20,226425,61,false,,2025-09-15T13:00:30Z,"кей-поп","BIGHIT MUSIC",0.642,0.903,2,-2.976,1,0.117,0.0635,0,0.33,0.573,96.068,4
spotify:track:0hwev90tfswBoZmgKnJ9F8,"Outro: Love Is Not Over","The Most Beautiful Moment in Life Pt.1","BTS",2015-04-29,143862,55,false,,2025-09-15T13:00:30Z,"кей-поп","BIGHIT MUSIC",0.719,0.335,2,-8.085,1,0.06,0.632,0,0.131,0.218,105.062,4
spotify:track:2FviiM1DSKfJSRxMV5TD9w,"so far away (Feat. SURAN)","Agust D","Agust D;SURAN",2016-08-16,358270,64,true,,2025-09-15T13:00:30Z,"кей-поп,k-rap","BIGHIT MUSIC",0.482,0.828,11,-4.501,0,0.104,0.0093,0,0.325,0.274,93.892,4
spotify:track:022wInIMcMtWRqkcpy7WwO,"Could You Turn off Your Cell Phone","Dark & Wild","BTS",2014-08-20,234062,59,false,,2025-09-15T13:00:30Z,"кей-поп","BIGHIT MUSIC",0.459,0.856,6,-4.383,0,0.232,0.152,0,0.08,0.917,97.027,4
spotify:track:29vOLabxvytbI8fX9xgTaD,"We On","O!RUL8,2?","BTS",2013-09-11,230885,58,false,,2025-09-15T13:00:30Z,"кей-поп","BIGHIT MUSIC",0.801,0.797,2,-4.319,0,0.163,0.0405,0.00000239,0.115,0.801,97.009,4
spotify:track:5OXUwFDCnmT3eUWUYVRrk9,"Like (Slow Jam Remix)","Skool Luv Affair (Special Addition)","BTS",2014-05-14,232691,51,false,,2025-09-15T13:00:30Z,"кей-поп","BIGHIT MUSIC",0.532,0.673,10,-5.401,1,0.185,0.336,0,0.159,0.653,99.712,4
spotify:track:56sdcbPR74RxqmKVbQzJ8s,"Daydream (백일몽)","Hope World","j-hope",2018-03-02,228759,64,false,,2025-09-15T13:00:30Z,"кей-поп,k-rap","BIGHIT MUSIC",0.749,0.961,8,-6.518,0,0.0874,0.00512,0,0.175,0.859,116.037,4
spotify:track:2jk6oBuLiCZJTDWhlJEzIw,"Airplane","Hope World","j-hope",2018-03-02,197913,59,false,,2025-09-15T13:00:30Z,"кей-поп,k-rap","BIGHIT MUSIC",0.801,0.651,0,-7.855,1,0.0579,0.65,0,0.109,0.238,119.992,4
spotify:track:4CW75mEldEGBIm2JXzqAPf,"It′s Definitely You","HWARANG, Pt. 2 (Music from the Original TV Series)","V;Jin",2016-12-20,230693,68,false,,2025-09-15T13:00:30Z,"кей-поп","KEYEAST",0.738,0.731,10,-3.193,0,0.0689,0.239,0,0.087,0.762,95.003,4
spotify:track:041DRqg0jswhQut7PMjnrv,"Tony Montana (Feat. Yankie)","Agust D","Agust D;yankie",2016-08-16,207873,59,true,,2025-09-15T13:00:30Z,"кей-поп,k-rap","BIGHIT MUSIC",0.609,0.776,4,-5.837,1,0.0595,0.00026,0.0000146,0.105,0.266,116.009,4
spotify:track:1sKsYTGy8XfHjCYqcudqG5,"seoul (prod. HONNE)","mono.","RM",2018-10-23,275954,64,false,,2025-09-15T13:00:30Z,"кей-поп,k-rap","BIGHIT MUSIC",0.581,0.664,0,-8.63,1,0.0649,0.344,0.0000248,0.324,0.452,99.829,4
spotify:track:6JbPyMiLnWaaKusic64bCq,"Intro: Never Mind","The Most Beautiful Moment in Life Pt.2","BTS",2015-11-30,136428,56,true,,2025-09-15T13:00:30Z,"кей-поп","BIGHIT MUSIC",0.339,0.949,6,-4.942,0,0.904,0.00765,0,0.329,0.397,79.956,4
spotify:track:4bLtrrVDspeDNSaHGGMQkB,"If I Ruled the World","O!RUL8,2?","BTS",2013-09-11,247450,58,false,,2025-09-15T13:00:30Z,"кей-поп","BIGHIT MUSIC",0.744,0.725,7,-6.29,1,0.112,0.0434,0,0.296,0.729,95.981,4
spotify:track:0I4CicY6MftmDgdd76LXss,"Outro: Do You Think It Makes Sense?","Dark & Wild","BTS",2014-08-20,172658,61,false,,2025-09-15T13:00:30Z,"кей-поп","BIGHIT MUSIC",0.634,0.815,1,-4.324,1,0.0409,0.0714,0,0.146,0.553,103.041,4
spotify:track:5UMPPsXaGbR1qtzcnEtTpM,"Hope World","Hope World","j-hope",2018-03-02,204930,62,false,,2025-09-15T13:00:30Z,"кей-поп,k-rap","BIGHIT MUSIC",0.706,0.895,1,-4.456,1,0.16,0.0138,0,0.595,0.771,117.007,4
spotify:track:5sF4GOOSRELn8zn6DDGzUP,"Strange (feat. RM)","D-2","Agust D;RM",2020-05-22,196529,59,false,,2025-09-15T13:00:30Z,"кей-поп,k-rap","BIGHIT MUSIC",0.627,0.662,7,-8.121,1,0.203,0.00236,0,0.157,0.207,90.008,4
spotify:track:2hX8rtWyNxYyaBT64H3LYU,"Burn It (feat. MAX)","D-2","Agust D;MAX",2020-05-22,192106,65,false,,2025-09-15T13:00:30Z,"кей-поп,k-rap","BIGHIT MUSIC",0.658,0.776,6,-7.088,0,0.0493,0.012,0.0000021,0.272,0.336,114.044,4
spotify:track:3VlYMpSmYooLpzLiRBBfbX,"Paldogangsan","O!RUL8,2?","BTS",2013-09-11,205061,58,false,,2025-09-15T13:00:30Z,"кей-поп","BIGHIT MUSIC",0.564,0.945,11,-3.11,0,0.243,0.0789,0,0.0873,0.871,105.018,4
spotify:track:20zr2Oef3PVeGRxjmSF5CC,"Blue Side (Outro)","Hope World","j-hope",2018-03-02,90539,62,false,,2025-09-15T13:00:30Z,"кей-поп,k-rap","BIGHIT MUSIC",0.512,0.394,9,-10.202,0,0.0263,0.0149,0.901,0.309,0.083,80.522,4
spotify:track:1m0yEldZVNu9SzmtqfFWRt,"give it to me","Agust D","Agust D",2016-08-16,149524,63,true,,2025-09-15T13:00:30Z,"кей-поп,k-rap","BIGHIT MUSIC",0.657,0.751,11,-3.889,1,0.185,0.000833,0.0000105,0.158,0.43,94.987,4
spotify:track:2uYd9NblsDfDePyEJp2GrM,"Blueberry Eyes (feat. Lil Mosey, SUGA of BTS & Olivia O'Brien)","Colour Vision (Deluxe)","MAX;Lil Mosey;SUGA;Olivia O'Brien",2021-03-26,172237,50,false,,2025-09-15T13:00:30Z,"мелодійний реп,кей-поп","Colour Vision Records/Sony Music Entertainment",0.712,0.634,0,-6.455,0,0.143,0.518,0.000414,0.128,0.519,150.025,4
spotify:track:6w5nte2isfv5QLImckFD8a,"Interlude: What Are You Doing Now","Dark & Wild","BTS",2014-08-20,41757,61,false,,2025-09-15T13:00:30Z,"кей-поп","BIGHIT MUSIC",0.783,0.683,4,-5.195,1,0.0895,0.0532,0.772,0.0529,0.55,82.996,4
spotify:track:2YCTRzLwXgiNvbod8xuCHl,"tokyo","mono.","RM",2018-10-23,208936,60,false,,2025-09-15T13:00:30Z,"кей-поп,k-rap","BIGHIT MUSIC",0.445,0.263,5,-13.754,0,0.0342,0.828,0.00516,0.118,0.0712,147.172,4
spotify:track:6BnciRM9jyEP9cEjvoN5eI,"moonchild","mono.","RM",2018-10-23,205833,62,false,,2025-09-15T13:00:30Z,"кей-поп,k-rap","BIGHIT MUSIC",0.503,0.869,9,-5.576,0,0.214,0.0258,0,0.0659,0.191,157.975,4
spotify:track:6Au7CCNN2wXgCNxdavgxDM,"Song Request (feat. SUGA of BTS)","Song Request (feat. SUGA of BTS)","Lee So Ra;SUGA",2019-01-22,281066,56,false,,2025-09-15T13:00:30Z,"корейські балади,кей-поп","(주)도너츠컬처",0.481,0.59,2,-7.145,1,0.0903,0.707,0.00037,0.141,0.454,175.788,4
spotify:track:1NuwEuQH7vbDLA9eg5TvEg,"Moonlight","D-2","Agust D",2020-05-22,163015,67,true,,2025-09-15T13:00:30Z,"кей-поп,k-rap","BIGHIT MUSIC",0.689,0.729,7,-5.801,1,0.225,0.273,0,0.059,0.773,97.057,4
spotify:track:1UlnDZ5ubsSX3xrXu063dZ,"Intro: 2 Cool 4 Skool","2 Cool 4 Skool","BTS;dj friz",2013-06-12,63786,57,false,,2025-09-15T13:00:30Z,"кей-поп","BIGHIT MUSIC",0.894,0.835,8,-6.249,1,0.245,0.179,0.266,0.179,0.532,94.871,4
spotify:track:3HhgGvmDKx13uRTkXYfcDw,"Intro: What Am I to You","Dark & Wild","BTS",2014-08-20,165121,58,false,,2025-09-15T13:00:30Z,"кей-поп","BIGHIT MUSIC",0.475,0.899,0,-2.228,1,0.292,0.426,0,0.366,0.568,83.821,4
spotify:track:2ZiVvIvwAwNRL4dUO3TaF6,"Outro: Luv in Skool","O!RUL8,2?","BTS",2013-09-11,86044,56,false,,2025-09-15T13:00:30Z,"кей-поп","BIGHIT MUSIC",0.693,0.392,5,-6.615,1,0.0439,0.0508,0,0.144,0.472,131.863,4
spotify:track:4aQooO4mUMX1l457bgYR6a,"Make It Right (feat. Lauv) (Acoustic Remix)","Make It Right (feat. Lauv) (Acoustic Remix)","BTS;Lauv",2019-11-08,255541,48,false,,2025-09-15T13:00:30Z,"кей-поп","BIGHIT MUSIC",0.701,0.557,7,-5.756,1,0.149,0.00486,0,0.252,0.508,100.22,4
spotify:track:4L3HQD7tbXCPpO9Ps7rgdm,"Change","Change","RM;Wale",2017-03-20,277970,54,false,,2025-09-15T13:00:30Z,"кей-поп,k-rap","BIGHIT MUSIC",0.511,0.85,11,-3.562,0,0.195,0.0237,0,0.0615,0.326,90.047,4
spotify:track:42DD4cLqkprJPih3YxXkAO,"forever rain","mono.","RM",2018-10-23,271805,58,false,,2025-09-15T13:00:30Z,"кей-поп,k-rap","BIGHIT MUSIC",0.389,0.591,7,-8.437,1,0.0619,0.0311,0.0000653,0.392,0.255,138.829,4
spotify:track:57PBRXsXl2rEAR85Gh4Qac,"Make It Right (feat. Lauv) (EDM Remix)","Make It Right (feat. Lauv) (EDM Remix)","BTS;Lauv;Frants",2019-11-01,246322,45,false,,2025-09-15T13:00:30Z,"кей-поп","BIGHIT MUSIC",0.648,0.741,7,-6.655,1,0.312,0.00353,0,0.0932,0.24,106,4
spotify:track:083PvB3ID4h3jiGJ1GbbPA,"Dynamite (Acoustic Remix)","Dynamite (DayTime Version)","BTS",2020-08-28,197993,46,false,,2025-09-15T13:00:30Z,"кей-поп","BIGHIT MUSIC",0.656,0.889,1,-5.136,0,0.203,0.0228,0.00000756,0.366,0.575,113.943,4
spotify:track:3u4igxLGmXBu1eiQjawtoe,"Dynamite (Tropical Remix)","Dynamite (DayTime Version)","BTS",2020-08-28,197101,48,false,,2025-09-15T13:00:30Z,"кей-поп","BIGHIT MUSIC",0.729,0.896,1,-3.308,0,0.0667,0.0295,0.00000152,0.234,0.62,114.035,4
spotify:track:0ZUtat3yQpzMRMJ9Qmz5k0,"everythingoes (with Nell)","mono.","RM;NELL",2018-10-23,222493,58,false,,2025-09-15T13:00:30Z,"кей-поп,k-rap,k-rock,корейські балади","BIGHIT MUSIC",0.47,0.722,5,-5.819,1,0.0303,0.143,0.00000291,0.128,0.14,92.034,4
spotify:track:3IGM6ph0w2fERLlyQtBoQt,"Permission to Dance (R&B Remix)","Permission to Dance","BTS",2021-07-23,216156,48,false,,2025-09-15T13:00:30Z,"кей-поп","BIGHIT MUSIC",0.662,0.597,9,-5.569,1,0.031,0.0726,0,0.103,0.351,120.021,4
spotify:track:6BeOJPXMstvXolxKbL09kR,"My Universe - SUGA's Remix","My Universe (SUGA's Remix)","Coldplay;BTS;SUGA",2021-09-26,188234,56,false,,2025-09-15T13:00:30Z,"кей-поп","Parlophone UK",0.558,0.832,4,-5.904,1,0.0435,0.00119,0,0.0637,0.5,107.043,4
spotify:track:2QVXLAI2Io3tDmhFOSumr0,"Interlude","2 Cool 4 Skool","BTS",2013-06-12,52440,58,false,,2025-09-15T13:00:30Z,"кей-поп","BIGHIT MUSIC",0.914,0.276,1,-13.392,0,0.319,0.494,0.762,0.392,0.854,125.897,4
spotify:track:3KkbZok84es6JqI5aiLj1g,"BTS Cypher Pt.1","O!RUL8,2?","BTS",2013-09-11,131192,57,false,,2025-09-15T13:00:30Z,"кей-поп","BIGHIT MUSIC",0.751,0.903,2,-5.413,1,0.354,0.539,0,0.343,0.858,96.548,4
spotify:track:3FdanLGasOj37Xi316GfZ4,"Intro: O!RUL8,2?","O!RUL8,2?","BTS",2013-09-11,70531,56,false,,2025-09-15T13:00:30Z,"кей-поп","BIGHIT MUSIC",0.455,0.9,7,-5.029,1,0.393,0.272,0,0.0945,0.188,150.14,4
spotify:track:70hNTQkU4hogweDWeMLaWT,"Dynamite (Bedroom Remix)","Dynamite (NightTime Version)","BTS",2020-09-18,207926,44,false,,2025-09-15T13:00:30Z,"кей-поп","BIGHIT MUSIC",0.756,0.745,1,-3.263,0,0.0341,0.0631,0,0.221,0.726,109.063,4
spotify:track:3IA9LkBEVhJDOxOnh1nf8a,"Butter (Holiday Remix)","Butter (Holiday Remix)","BTS",2021-12-03,161894,55,false,,2025-09-15T13:00:30Z,"кей-поп","BIGHIT MUSIC",0.698,0.838,8,-3.553,1,0.0529,0.00188,0,0.113,0.87,110.034,4
spotify:track:3adJ5vW78N4lpm4DzbCt6d,"Dynamite (Slow Jam Remix)","Dynamite (NightTime Version)","BTS",2020-09-18,199690,44,false,,2025-09-15T13:00:30Z,"кей-поп","BIGHIT MUSIC",0.653,0.683,4,-3.82,1,0.0398,0.36,0.000001,0.324,0.534,113.977,4
spotify:track:6nhc3daOpKaZBRj2ZFWfc7,"My Universe - Acoustic Version","My Universe","Coldplay;BTS",2021-09-27,223268,49,false,,2025-09-15T13:00:30Z,"кей-поп","Parlophone UK",0.501,0.54,4,-6.918,1,0.0314,0.588,0,0.313,0.449,105.031,4
spotify:track:0DaHIESJEC4d0RRpwbgcau,"Skit: One Night in a Strange City","The Most Beautiful Moment in Life Pt.2","BTS",2015-11-30,263129,47,false,,2025-09-15T13:00:30Z,"кей-поп","BIGHIT MUSIC",0.575,0.499,3,-11.552,1,0.936,0.772,0,0.42,0.667,160.296,4
spotify:track:0GIfKnZxlWAtX7P3b8PYyP,"Dynamite (EDM Remix)","Dynamite (DayTime Version)","BTS",2020-08-28,198939,45,false,,2025-09-15T13:00:30Z,"кей-поп","BIGHIT MUSIC",0.707,0.838,1,-4.732,0,0.0599,0.0019,0.444,0.0961,0.318,122.985,4
spotify:track:7MRdjWiq6wu1bFqlnqve5q,"Dynamite (Midnight Remix)","Dynamite (NightTime Version)","BTS",2020-09-18,196509,43,false,,2025-09-15T13:00:30Z,"кей-поп","BIGHIT MUSIC",0.782,0.795,4,-4.167,1,0.122,0.0689,0,0.109,0.402,114.036,4
spotify:track:1GPIdEcxPjPIYGmN08b1yf,"Outro: Circle Room Cypher","2 Cool 4 Skool","BTS",2013-06-12,323640,51,false,,2025-09-15T13:00:30Z,"кей-поп","BIGHIT MUSIC",0.688,0.515,7,-11.608,1,0.523,0.536,0,0.189,0.852,94.077,4
spotify:track:46cgcwt80u5CaiqHu361UH,"Dynamite (Retro Remix)","Dynamite (NightTime Version)","BTS",2020-09-18,208404,44,false,,2025-09-15T13:00:30Z,"кей-поп","BIGHIT MUSIC",0.647,0.915,4,-2.031,1,0.148,0.0659,0,0.327,0.776,113.936,4
spotify:track:1DlczmjByrS4qxRVfGjpqN,"My Universe - Galantis Remix","My Universe (Galantis Remix)","Coldplay;BTS;Galantis",2021-10-11,224908,48,false,,2025-09-15T13:00:30Z,"кей-поп","Parlophone UK",0.596,0.915,4,-4.711,1,0.0682,0.0949,0.0000017,0.12,0.629,120.024,4
spotify:track:087YUEkmOGciKOflc5sQE6,"Dynamite (Poolside Remix)","Dynamite (DayTime Version)","BTS",2020-08-28,182591,44,false,,2025-09-15T13:00:30Z,"кей-поп","BIGHIT MUSIC",0.686,0.877,1,-4.854,0,0.143,0.0089,0.000869,0.208,0.406,123.91,4
spotify:track:5FvxRvrQ8qzKjBJ6ST9aiu,"My Universe - David Guetta Remix","My Universe (David Guetta Remix)","Coldplay;BTS;David Guetta",2021-10-13,199135,48,false,,2025-09-15T13:00:30Z,"кей-поп,електронна танцювальна музика","Parlophone UK",0.436,0.948,1,-5.515,0,0.0558,0.0974,0.00375,0.14,0.696,122.609,4
spotify:track:2giNwwft9s8E5Or8N0olgc,"Skit: Expectation!","The Most Beautiful Moment in Life Pt.1","BTS",2015-04-29,147693,47,false,,2025-09-15T13:00:30Z,"кей-поп","BIGHIT MUSIC",0.635,0.167,9,-21.117,0,0.665,0.893,0,0.501,0.712,100.544,3
spotify:track:6Lgbf4b6c9fwz24eFEWONX,"My Universe - Supernova 7 Mix","My Universe","Coldplay;BTS",2021-09-27,279317,44,false,,2025-09-15T13:00:30Z,"кей-поп","Parlophone UK",0.665,0.712,6,-6.841,0,0.0397,0.00115,0.000187,0.27,0.489,105.017,4
spotify:track:53XrsilgguJmmsEtDsj0yY,"Skit: R U Happy Now?","O!RUL8,2?","BTS",2013-09-11,148072,49,false,,2025-09-15T13:00:30Z,"кей-поп","BIGHIT MUSIC",0.535,0.382,1,-18.76,1,0.645,0.852,0,0.311,0.609,86.969,4
spotify:track:4Ut6UU8Yyihz1jCZWSCQpu,"Skit: Circle Room Talk","2 Cool 4 Skool","BTS",2013-06-12,131906,50,false,,2025-09-15T13:00:30Z,"кей-поп","BIGHIT MUSIC",0.598,0.356,9,-18.009,1,0.802,0.912,0,0.913,0.817,121.045,3
